kn_gu,method,index,coordinate,vertical_u_over_Uw,vertical_rho,vertical_temperature,vertical_qx,horizontal_v_over_Uw,horizontal_qy
0.05,DSMC,0,0.003125,-0.022732500000000003,1.00600605975053,1.0015100000000001,-0.000736015892011471,0.0487577,0.0017460685140939132
0.05,DSMC,1,0.009375,-0.0265806,1.0062680868657319,1.0001916666666668,0.000177381501450693,0.05996525,3.6368239009873065e-05
0.05,DSMC,2,0.015625,-0.03081845,1.0053560587851944,1.000775,-0.00046461715658580656,0.06940049999999999,-0.0009721831319311015
0.05,DSMC,3,0.021875,-0.0363495,1.0067516065147788,1.0000533333333332,-5.005839616279156e-05,0.07689145,-0.0007840820846889443
0.05,DSMC,4,0.028125,-0.03859775,1.005480557856506,1.0012033333333332,0.0002081854740244607,0.08444659999999998,-0.0008789967403841854
0.05,DSMC,5,0.034375,-0.0412866,1.0049449223171427,1.0010716666666668,-0.00019529776518968243,0.08947855,-0.002172327046526543
0.05,DSMC,6,0.040625,-0.0443513,1.005289466258679,1.0013766666666668,0.00013617339548870414,0.09686885,-0.001651653203090281
0.05,DSMC,7,0.046875,-0.0487098,1.0051128512970513,1.0009316666666668,0.0004143903539780018,0.10246385000000001,-0.0032423136201236978
0.05,DSMC,8,0.053125000000000006,-0.05103069999999999,1.0046843428655607,1.0014916666666667,0.0015136466391062753,0.1086655,-0.003741448503038709
0.05,DSMC,9,0.059375000000000004,-0.051138750000000004,1.0052995999040184,1.0012850000000002,0.0012728603908530303,0.112365,-0.002986570809440832
0.05,DSMC,10,0.065625,-0.0544721,1.0047393540831169,1.0013199999999998,0.0005674374038692098,0.11490149999999999,-0.0018542430792470059
0.05,DSMC,11,0.07187500000000001,-0.057178,1.005293809249539,1.0011483333333333,0.0009050440701211055,0.12028049999999998,-0.0021949220441406917
0.05,DSMC,12,0.07812500000000001,-0.060233400000000006,1.0052301120502634,1.0012866666666667,0.00046231765330007784,0.12394849999999998,-0.003504028984961102
0.05,DSMC,13,0.084375,-0.06057465,1.0052576176590413,1.00236,0.0010371920760076207,0.1271905,-0.004192914850687519
0.05,DSMC,14,0.09062500000000001,-0.06466055,1.00469158118366,1.0016666666666665,0.0008038680236359833,0.1296695,-0.004394289235143942
0.05,DSMC,15,0.096875,-0.06673555,1.005509511128904,1.0018416666666665,0.0021156786991591387,0.134656,-0.004570402652848381
0.05,DSMC,16,0.10312500000000001,-0.06646915,1.0050288868070971,1.0014466666666668,0.0019069246435740649,0.13705499999999998,-0.0038107133465358402
0.05,DSMC,17,0.109375,-0.07050129999999999,1.0050578400794952,1.0019999999999998,0.0012716029374139366,0.140114,-0.003927157171679948
0.05,DSMC,18,0.115625,-0.07448715,1.0044252110775984,1.0017399999999999,0.0014729563410009632,0.1392085,-0.0034617175650138434
0.05,DSMC,19,0.121875,-0.07458345,1.0039967026461079,1.0020916666666668,0.0011717843531786924,0.14043999999999998,-0.003206520256935257
0.05,DSMC,20,0.128125,-0.07450865,1.0048479288546095,1.0016433333333334,0.0010207528654740628,0.143805,-0.004165681682212376
0.05,DSMC,21,0.13437500000000002,-0.0789523,1.0044223157503587,1.0019866666666668,0.0013439448352165879,0.144879,-0.00315537309352331
0.05,DSMC,22,0.140625,-0.07895035,1.004154497980677,1.0021149999999999,0.00030768039338116603,0.1477695,-0.005005909552510473
0.05,DSMC,23,0.146875,-0.08192215,1.0038504886204977,1.0022900000000001,0.0017250946383217103,0.149909,-0.004219238848155533
0.05,DSMC,24,0.15312499999999998,-0.08392785,1.0034321138343465,1.0027033333333333,0.0013628571307620048,0.150325,-0.004532455253735352
0.05,DSMC,25,0.15937500000000002,-0.08617915,1.0037057222585077,1.0026366666666666,0.0018786228494843847,0.152851,-0.004805150606889648
0.05,DSMC,26,0.16562500000000002,-0.08736835,1.0044614026680958,1.0019433333333332,0.0004322450738334316,0.15039049999999998,-0.0026143380157011894
0.05,DSMC,27,0.171875,-0.08954065000000001,1.0041197540537994,1.0021183333333332,0.0014647807955599143,0.1503535,-0.004123747917914233
0.05,DSMC,28,0.178125,-0.08975435000000001,1.0048088419368721,1.00167,0.0009507718749682373,0.1522425,-0.004185026043794874
0.05,DSMC,29,0.184375,-0.0931977,1.0032815568178768,1.0026899999999999,-7.653541410492811e-05,0.1523695,-0.004224344193041731
0.05,DSMC,30,0.19062500000000002,-0.093831,1.0035783278599566,1.0019783333333334,0.001342319657073225,0.1506085,-0.004404066320282167
0.05,DSMC,31,0.196875,-0.09575125,1.0029688614759784,1.0036583333333333,0.000644287531015068,0.1510935,-0.0047351304520942845
0.05,DSMC,32,0.203125,-0.09700615,1.0037505998307248,1.0026233333333332,0.00034040103831042894,0.1503845,-0.0053597449212396606
0.05,DSMC,33,0.209375,-0.09905065,1.0030861222291902,1.0020666666666667,0.00046503243792737155,0.14899549999999998,-0.002858454627289787
0.05,DSMC,34,0.215625,-0.10100089999999999,1.0044136297686392,1.001605,0.0019480933055015907,0.1497745,-0.0047363333552729505
0.05,DSMC,35,0.22187500000000002,-0.10219099999999998,1.0039344531104522,1.0025716666666666,0.0009759405258948808,0.1483555,-0.004390358818943882
0.05,DSMC,36,0.22812500000000002,-0.10487199999999999,1.0032352315820399,1.0028266666666665,0.0017153105595603528,0.14648899999999998,-0.004398191676851473
0.05,DSMC,37,0.23437500000000003,-0.105563,1.0032106213005019,1.0035333333333334,0.0015635069758619747,0.1451745,-0.003806377300194138
0.05,DSMC,38,0.24062500000000003,-0.10817199999999999,1.0028211997867484,1.003355,0.0008282981479599109,0.142587,-0.0025503016048573756
0.05,DSMC,39,0.24687500000000004,-0.10772799999999999,1.0033438063535325,1.0024766666666665,-0.000544226953432218,0.140796,-0.0034371000115899844
0.05,DSMC,40,0.25312500000000004,-0.1098835,1.0028964782949834,1.00295,0.0016866702741110944,0.1406975,-0.0037140754621009285
0.05,DSMC,41,0.259375,-0.11193349999999999,1.0024969231358907,1.0029416666666666,0.00022044585486431846,0.138916,-0.003302808460213579
0.05,DSMC,42,0.265625,-0.1135055,1.0023564997647605,1.0031166666666667,0.0014351614028722073,0.13782599999999998,-0.0042326526173222835
0.05,DSMC,43,0.271875,-0.11654,1.0016152959913711,1.0031016666666668,0.0015584687697578416,0.13415649999999998,-0.002607971021202018
0.05,DSMC,44,0.278125,-0.11951649999999998,1.0019323343241293,1.0029716666666666,0.0007127081043277311,0.1319415,-0.002629143515871164
0.05,DSMC,45,0.284375,-0.120743,1.001793358616619,1.0036783333333332,0.0018016202613542539,0.1305335,-0.003646908705543331
0.05,DSMC,46,0.290625,-0.12266649999999998,1.0022276577025893,1.0034483333333333,0.0020010532160292943,0.127773,-0.003601338257216664
0.05,DSMC,47,0.29687500000000006,-0.12326849999999999,1.002375319391819,1.0030833333333335,0.0009639198864559804,0.126964,-0.004120684710982514
0.05,DSMC,48,0.30312500000000003,-0.1245975,1.002201599757431,1.0030983333333334,0.0027955092216545305,0.1238795,-0.003105598078969818
0.05,DSMC,49,0.309375,-0.1250275,1.0025765446349852,1.0034966666666667,0.0022838977150724266,0.1216115,-0.0037810883589496276
0.05,DSMC,50,0.315625,-0.127517,1.002637346507021,1.0039366666666667,0.0020552621876483335,0.1179205,-0.003925856357777436
0.05,DSMC,51,0.321875,-0.128382,1.0017716436623205,1.0041516666666668,0.0012171869545501966,0.1160635,-0.004128251811211099
0.05,DSMC,52,0.328125,-0.129469,1.0023434707921812,1.0040533333333332,0.0010492980376487287,0.1156625,-0.004414039226868083
0.05,DSMC,53,0.334375,-0.13164399999999998,1.0009884576439543,1.004025,0.0010721629891157645,0.11154049999999999,-0.0036267111219387554
0.05,DSMC,54,0.340625,-0.1324495,1.0013662978487483,1.004385,0.002561580920244307,0.10635049999999999,-0.004443888010394513
0.05,DSMC,55,0.34687500000000004,-0.13267949999999998,1.0018382361888358,1.00388,0.0007295100041569031,0.104768,-0.005312202271189832
0.05,DSMC,56,0.353125,-0.13188599999999998,1.002273982938426,1.00365,0.0018180510795400536,0.10027704999999999,-0.0041971110245665865
0.05,DSMC,57,0.359375,-0.13430849999999997,1.001689126835986,1.0042116666666665,0.0019713806718057855,0.09706965,-0.0023028014783976233
0.05,DSMC,58,0.36562500000000003,-0.13873,1.0020713100316399,1.0036966666666667,0.0007912725083756506,0.09214014999999999,-0.0020585296083755
0.05,DSMC,59,0.371875,-0.136784,1.001707946463045,1.0042399999999998,0.0016170781290513957,0.0900986,-0.004839545245451733
0.05,DSMC,60,0.378125,-0.1405395,1.001545808137616,1.0042216666666666,0.002442396993557169,0.08847314999999999,-0.004337808734731701
0.05,DSMC,61,0.384375,-0.141728,1.001238903450197,1.0041266666666666,0.0026881445180600974,0.08313585000000001,-0.0035516835329810386
0.05,DSMC,62,0.39062500000000006,-0.14343399999999998,1.0012533800863959,1.0037666666666665,0.0017666773227386372,0.08026889999999999,-0.003260944632146755
0.05,DSMC,63,0.39687500000000003,-0.143862,1.0006598380022367,1.00337,0.0019920244485661684,0.0759631,-0.003419785199440328
0.05,DSMC,64,0.403125,-0.1440475,1.000280550133823,1.0035683333333334,0.0022427975906515922,0.07001935,-0.002361511545864275
0.05,DSMC,65,0.409375,-0.146028,0.9991774304554585,1.00489,0.002941818615020583,0.0670356,-0.003341693004826266
0.05,DSMC,66,0.415625,-0.1464685,0.9993033771903899,1.0047583333333334,0.0023094202433295383,0.06405915,-0.002933964776243596
0.05,DSMC,67,0.421875,-0.14679,0.9989877865212514,1.0049000000000001,0.001881541987779589,0.060478000000000004,-0.0036008626908437032
0.05,DSMC,68,0.428125,-0.1489665,0.9995074977607958,1.0048933333333334,0.0024492185735599057,0.05557825,-0.0035972819558002327
0.05,DSMC,69,0.43437500000000007,-0.1500655,1.000523757621966,1.0044683333333333,0.0030268568761291272,0.05218655,-0.001942432666938729
0.05,DSMC,70,0.44062500000000004,-0.14946299999999998,1.000570082857803,1.00494,0.00259225355257566,0.04936635,-0.0017938559409533539
0.05,DSMC,71,0.446875,-0.150175,1.0000894585359958,1.005155,0.0026882326377115576,0.043360499999999996,-0.0022458300256415313
0.05,DSMC,72,0.453125,-0.15238899999999997,1.0001386790990725,1.0053116666666666,0.003319187525588204,0.039753500000000004,-0.003179137424925093
0.05,DSMC,73,0.45937500000000003,-0.1503695,1.0007409071649511,1.0045866666666667,0.0023810475327205845,0.03726205,-0.003202382829490497
0.05,DSMC,74,0.465625,-0.15061149999999998,0.9997463622580793,1.005115,0.0021054232501987,0.033086849999999994,-0.0016076521237943851
0.05,DSMC,75,0.471875,-0.150953,0.9989110603493967,1.0050033333333332,0.0022250519713170186,0.0268111,-0.001772957596310974
0.05,DSMC,76,0.478125,-0.151439,0.9987590556693071,1.0051700000000001,0.0018492300501861472,0.02548885,-0.002354383645168367
0.05,DSMC,77,0.48437500000000006,-0.152086,0.9986982537972713,1.0053166666666666,0.0012866825876106766,0.020109299999999997,-0.0031040077290696516
0.05,DSMC,78,0.490625,-0.1522455,0.9983117276107578,1.0058099999999999,0.0022203760348911113,0.015031049999999999,-0.003779409889398001
0.05,DSMC,79,0.496875,-0.1499185,0.9977703014169149,1.0054400000000001,0.002309765728312248,0.01107945,-0.0019374266315010022
0.05,DSMC,80,0.5031249999999999,-0.15212349999999997,0.9976038201006264,1.0057500000000001,0.002924716409014133,0.0047373549999999995,-0.001517842812985342
0.05,DSMC,81,0.509375,-0.15087499999999998,0.9982625070476812,1.005515,0.002327665207355721,-1.8601499999999974e-05,-0.0023498377901327106
0.05,DSMC,82,0.5156250000000001,-0.15403150000000002,0.9976718602907617,1.0059166666666666,0.0031656439284546397,-0.00285398,-0.0016603420804692022
0.05,DSMC,83,0.521875,-0.150799,0.9969494761444313,1.0063983333333333,0.0012726813541008566,-0.00699183,-0.00307631298146781
0.05,DSMC,84,0.5281250000000001,-0.148451,0.9971376724150184,1.0060683333333333,0.0027783300857936307,-0.0071774199999999995,-0.002275492778792656
0.05,DSMC,85,0.534375,-0.1485125,0.9963950209780092,1.006625,0.0025249455248308,-0.013937400000000003,-0.0009444398485847253
0.05,DSMC,86,0.540625,-0.148399,0.9950067115665245,1.0061233333333335,0.002467909730741896,-0.0184735,-0.0026668321509283168
0.05,DSMC,87,0.546875,-0.1452635,0.9960808779724909,1.0061633333333333,0.0033293982153606,-0.02321105,-0.0024317037437886803
0.05,DSMC,88,0.553125,-0.14632900000000001,0.9960910116178301,1.0067,0.003460290865894961,-0.0272792,-0.0026584467967933146
0.05,DSMC,89,0.5593750000000001,-0.14462899999999998,0.9959404546013604,1.006585,0.003485244113229146,-0.034356950000000004,-0.00033924247470241856
0.05,DSMC,90,0.565625,-0.142348,0.996910389226694,1.0067300000000001,0.0036822964385901285,-0.0379097,-0.0003199883308583199
0.05,DSMC,91,0.571875,-0.14160899999999998,0.9950081592301444,1.0078116666666666,0.003783326318351797,-0.03987645,-0.0017033542614542643
0.05,DSMC,92,0.578125,-0.140181,0.9947692947328608,1.0073400000000001,0.003925884332269964,-0.042615400000000005,-0.002039060760301256
0.05,DSMC,93,0.5843750000000001,-0.137903,0.9944015881734061,1.0077216666666666,0.004140574575169292,-0.0484826,-0.002260038270396052
0.05,DSMC,94,0.590625,-0.13784749999999998,0.9949212994129504,1.0068783333333333,0.004610518075132261,-0.051069949999999996,-0.0015713608146389617
0.05,DSMC,95,0.596875,-0.1336775,0.9940005853506935,1.006975,0.0033620304608934773,-0.05572864999999999,-0.0009687888468803244
0.05,DSMC,96,0.603125,-0.133031,0.9933694040124168,1.0074550000000002,0.004549044127803929,-0.06277289999999999,-0.001988621351550245
0.05,DSMC,97,0.609375,-0.1320345,0.9937139479539533,1.007625,0.0031204147689368033,-0.0667859,2.5598059386934628e-05
0.05,DSMC,98,0.6156250000000001,-0.12613149999999998,0.9933592703670775,1.0081533333333335,0.004568402476632693,-0.0728066,-0.00016644123691318978
0.05,DSMC,99,0.621875,-0.1224975,0.9934939030837282,1.0078366666666667,0.0037144391305037813,-0.07478979999999999,-0.001149302652259278
0.05,DSMC,100,0.628125,-0.11908300000000001,0.9930422320343193,1.0081333333333333,0.0043972265568592885,-0.07785869999999999,-0.0010699096437427056
0.05,DSMC,101,0.634375,-0.11686999999999999,0.9914903366337857,1.0087283333333332,0.004293371253352381,-0.08033104999999999,-0.00045154397686557356
0.05,DSMC,102,0.640625,-0.112292,0.9923212955516088,1.0085283333333332,0.004649052938588359,-0.0872524,0.0008220038871413105
0.05,DSMC,103,0.646875,-0.1089525,0.9918102702937839,1.0084016666666669,0.0038734601332741543,-0.09008599999999999,-0.0004635167799222526
0.05,DSMC,104,0.6531250000000001,-0.10453149999999999,0.9911139440926116,1.0090249999999998,0.005158832115909936,-0.09522199999999999,-0.0011445288051095265
0.05,DSMC,105,0.659375,-0.10263649999999999,0.9899152786153338,1.009025,0.005879427068915836,-0.0962187,-0.0016223513208927566
0.05,DSMC,106,0.665625,-0.09510669999999997,0.9904900010724345,1.0087483333333334,0.003796782049257338,-0.10315850000000001,0.0019898186598304056
0.05,DSMC,107,0.6718750000000001,-0.08913965,0.9907433422059171,1.009845,0.005582156124076471,-0.102912,-0.0017290418392172861
0.05,DSMC,108,0.678125,-0.08488905,0.9900339870321657,1.0096116666666668,0.00580357423242857,-0.10747099999999998,-0.0007287593086499379
0.05,DSMC,109,0.6843750000000001,-0.07839419999999998,0.9900050337597677,1.0095033333333334,0.004150967099143114,-0.11124749999999999,-0.0008434980884745177
0.05,DSMC,110,0.6906249999999999,-0.07424475,0.9896156122460144,1.0100600000000002,0.0039032669550617934,-0.114368,6.298456992479435e-06
0.05,DSMC,111,0.696875,-0.06544409999999999,0.9894433402752463,1.00971,0.004329640182913784,-0.12070349999999999,0.0009716689607584532
0.05,DSMC,112,0.7031250000000001,-0.059043849999999995,0.9884560336864738,1.0106933333333332,0.005725875079434513,-0.1219655,0.0017519137843074535
0.05,DSMC,113,0.709375,-0.05351869999999999,0.9881578149807744,1.0103016666666667,0.005416896809472552,-0.12460650000000001,0.0005416169472666847
0.05,DSMC,114,0.7156250000000001,-0.045953249999999994,0.9871994616644001,1.0106933333333332,0.004289930390771547,-0.127741,4.295287506090491e-05
0.05,DSMC,115,0.721875,-0.0346949,0.9876569233682888,1.0106466666666667,0.005462733015478226,-0.130263,0.0004557503614344129
0.05,DSMC,116,0.728125,-0.030939199999999997,0.9865205074266667,1.012015,0.006008067772801764,-0.135063,0.001022629953922632
0.05,DSMC,117,0.734375,-0.02071305,0.9868838709952618,1.0116966666666667,0.004661781332688195,-0.135606,0.00046870646790341994
0.05,DSMC,118,0.7406250000000001,-0.010195725,0.9868592607137234,1.0113933333333334,0.005830765439164923,-0.13779750000000002,0.00017861167975957278
0.05,DSMC,119,0.7468750000000001,-0.003146955,0.987128526147025,1.0120466666666665,0.005995409314933246,-0.14084549999999998,0.0004121076353877894
0.05,DSMC,120,0.753125,0.007600564999999999,0.9871241831561652,1.0123666666666666,0.0049432047275109504,-0.1424035,0.0004997629102722448
0.05,DSMC,121,0.759375,0.0163361,0.9858256288891143,1.0127716666666666,0.0059143672100822,-0.145241,0.0028099482559723996
0.05,DSMC,122,0.765625,0.026111649999999997,0.9855317531742744,1.0131350000000001,0.0056472108064482725,-0.1467825,0.0015788957442011396
0.05,DSMC,123,0.7718750000000001,0.03614015,0.9859863195509233,1.01342,0.006855638947388229,-0.14815699999999998,0.0018601345073732158
0.05,DSMC,124,0.778125,0.046139000000000006,0.9854970092473969,1.01287,0.005916703080208214,-0.148931,0.0017696468151203902
0.05,DSMC,125,0.784375,0.059556300000000006,0.9846863176202525,1.0139799999999999,0.005671604563931915,-0.15038999999999997,0.000998068349483827
0.05,DSMC,126,0.790625,0.0724852,0.9844764063953668,1.0137283333333333,0.005250630413137657,-0.1525345,0.0009942666159493923
0.05,DSMC,127,0.796875,0.08208214999999998,0.9849874316531919,1.0139933333333333,0.006300694951881628,-0.1550615,0.0015407231504232675
0.05,DSMC,128,0.8031250000000001,0.09653569999999999,0.9843200587244176,1.0146433333333333,0.007073182588525323,-0.15657200000000002,0.0021428335390552074
0.05,DSMC,129,0.8093750000000001,0.1133715,0.9838321960845111,1.0148983333333335,0.004571353785594302,-0.157279,0.0011936170458714777
0.05,DSMC,130,0.815625,0.1245885,0.984912153144957,1.014875,0.005504568869052524,-0.1577535,0.0011520217729329135
0.05,DSMC,131,0.821875,0.138784,0.9834369839162782,1.0152766666666666,0.005511072938565077,-0.15664400000000003,0.002030117315040338
0.05,DSMC,132,0.828125,0.155267,0.9843996802235122,1.015085,0.00618106203458943,-0.156088,0.001927568420334448
0.05,DSMC,133,0.834375,0.16940299999999994,0.9832893222270483,1.0153916666666667,0.006783408807683224,-0.157145,0.0021782772210870594
0.05,DSMC,134,0.8406250000000001,0.18620899999999996,0.9830330857663259,1.01579,0.005526249100761036,-0.157249,0.0011724221716083107
0.05,DSMC,135,0.846875,0.20489,0.9828434418321189,1.0162183333333332,0.004930644180366276,-0.1591885,0.0025405804687042037
0.05,DSMC,136,0.853125,0.219628,0.9834572512069568,1.0160566666666666,0.004330689226383551,-0.15710499999999997,0.0029442537945950685
0.05,DSMC,137,0.8593750000000001,0.2354325,0.984010258709759,1.016295,0.0055193394011068386,-0.1560565,0.001992274820274286
0.05,DSMC,138,0.865625,0.25386200000000003,0.9836975633678603,1.0163883333333334,0.00571209764186491,-0.156057,0.003297891943151939
0.05,DSMC,139,0.8718750000000001,0.272379,0.9830142661392672,1.0159333333333334,0.0038214415644199883,-0.152185,0.0016906412533253183
0.05,DSMC,140,0.878125,0.291549,0.9830243997846065,1.01655,0.004578641140897615,-0.15322249999999998,0.0014106599435923356
0.05,DSMC,141,0.884375,0.310979,0.9830533530570045,1.0163183333333334,0.004794450363498027,-0.148677,0.0006771154581231723
0.05,DSMC,142,0.8906250000000001,0.3317535,0.9831517941831578,1.01665,0.004522048742515265,-0.1473495,0.0020989765283958265
0.05,DSMC,143,0.896875,0.3509525,0.9832401016639718,1.016105,0.004151862282903982,-0.1450695,0.0007794420954859346
0.05,DSMC,144,0.9031250000000001,0.3734945,0.9842737334885807,1.016245,0.002825044690864656,-0.14235649999999997,0.001980066751735454
0.05,DSMC,145,0.909375,0.39579749999999997,0.9841463390900296,1.01626,0.002218034569866592,-0.1376795,0.0008290982184461863
0.05,DSMC,146,0.915625,0.416372,0.9848947811815182,1.0157383333333332,0.0022509213832814664,-0.1345195,0.0017496520465866362
0.05,DSMC,147,0.921875,0.4422795,0.9841680540443281,1.0167966666666666,0.0009720744510276337,-0.1328935,0.002721046717445861
0.05,DSMC,148,0.9281250000000001,0.46251499999999995,0.9844691680772675,1.0165333333333333,0.0005716195905020132,-0.1268415,0.00142084825377071
0.05,DSMC,149,0.934375,0.485216,0.9854448933570805,1.01524,0.00018701899387120867,-0.12329999999999998,-2.5341421392490885e-05
0.05,DSMC,150,0.940625,0.5123205,0.9851119307245033,1.0152583333333334,7.589204273854324e-05,-0.11869149999999999,0.00205401592400625
0.05,DSMC,151,0.9468750000000001,0.53821,0.9847615961284875,1.015695,-0.00015978470641636318,-0.113161,0.0014986299315177208
0.05,DSMC,152,0.953125,0.565423,0.986209259748388,1.01497,-0.0009115166683295662,-0.10954749999999999,0.0007683432155758025
0.05,DSMC,153,0.9593750000000001,0.5916895,0.9860963419860358,1.0145433333333334,-0.0028243774992178844,-0.10525949999999999,0.0013817175336237845
0.05,DSMC,154,0.965625,0.6213215,0.9861108186222347,1.0143816666666665,-0.004566024644767887,-0.09582795,-1.7187528208658124e-05
0.05,DSMC,155,0.9718749999999999,0.6506359999999999,0.9867463429513712,1.0141483333333334,-0.005769151619373957,-0.088053,-0.00013208716136526877
0.05,DSMC,156,0.9781250000000001,0.6822659999999999,0.9872284149367981,1.013595,-0.007239043354718575,-0.08182819999999999,0.0005484581094141901
0.05,DSMC,157,0.984375,0.7134520000000001,0.988904809408643,1.0127183333333334,-0.008587134149600145,-0.0741281,0.0002941688533630332
0.05,DSMC,158,0.990625,0.7515389999999998,0.9901961253575946,1.0116966666666667,-0.009629729498839376,-0.06409524999999999,-0.0018412167568017557
0.05,DSMC,159,0.9968750000000002,0.7938715,0.9911385543741499,1.009825,-0.013964195281714087,-0.050650249999999994,-0.003550578540526218
0.05,R13,0,0.003125,-0.02778755973848093,1.005569030545242,1.0006858570198907,0.002103306409384438,0.06523621590561615,-0.0049064031891808985
0.05,R13,1,0.009375,-0.030555738258938054,1.0054831280948275,1.000775340123742,0.002050079677714892,0.07122442478693052,-0.004933830268332773
0.05,R13,2,0.015625,-0.033323916779395175,1.0053972256444133,1.0008648232275936,0.0019968529460453457,0.0772126336682449,-0.004961257347484647
0.05,R13,3,0.021875,-0.0360920952998523,1.0053113231939985,1.0009543063314452,0.0019436262143757996,0.08320084254955927,-0.004988684426636522
0.05,R13,4,0.028125,-0.03886027382030942,1.005225420743584,1.0010437894352966,0.0018903994827062535,0.08918905143087365,-0.0050161115057883975
0.05,R13,5,0.034375,-0.0415556291599228,1.0051485542444762,1.001123149079275,0.0018416216593651895,0.09484137476728341,-0.005035977627120107
0.05,R13,6,0.040625,-0.044037213226736725,1.005098212634687,1.0011727914700783,0.0018059035346657975,0.0995077115041343,-0.005033648678721657
0.05,R13,7,0.046875,-0.046518797293550664,1.0050478710248982,1.0012224338608817,0.0017701854099664064,0.10417404824098525,-0.005031319730323207
0.05,R13,8,0.053125000000000006,-0.049002040796973366,1.004998925067741,1.001270831520604,0.0017341669205365898,0.108816010914709,-0.005028120630904777
0.05,R13,9,0.059375000000000004,-0.0514862541010116,1.0049507947517318,1.001318501740084,0.0016979728932773044,0.1134437290060856,-0.0050244130016694755
0.05,R13,10,0.065625,-0.05396863206077807,1.0049026013672488,1.001366202638626,0.0016618827054920467,0.11806107881078508,-0.005020568806317531
0.05,R13,11,0.07187500000000001,-0.05622893336366253,1.0048467766974176,1.0014176157036077,0.001638357094064086,0.12142386592754874,-0.005000200110851723
0.05,R13,12,0.07812500000000001,-0.05848923466654699,1.0047909520275864,1.001469028768589,0.001614831482636125,0.12478665304431241,-0.004979831415385917
0.05,R13,13,0.084375,-0.060752138617145894,1.0047370503504978,1.001518695144365,0.0015912846779907448,0.1281305934101313,-0.004958786351527031
0.05,R13,14,0.09062500000000001,-0.06301919572899128,1.004686217278849,1.001565574250133,0.0015677040543813974,0.13144445917337877,-0.004936661976402594
0.05,R13,15,0.096875,-0.06528625284083665,1.0046353842072002,1.0016124533559008,0.00154412343077205,0.1347583249366262,-0.004914537601278156
0.05,R13,16,0.10312500000000001,-0.06741968239555772,1.0045761080010682,1.0016645129590365,0.0015278002164983812,0.13717541455688328,-0.004886546730342783
0.05,R13,17,0.109375,-0.06951144314214325,1.0045141989895598,1.0017181879860821,0.0015137400653508918,0.13931286430459505,-0.0048567265220039995
0.05,R13,18,0.115625,-0.07160455274848365,1.0044533799473268,1.0017708636594644,0.0014997374389287014,0.14144315786356068,-0.004826645259444271
0.05,R13,19,0.121875,-0.07370599354742766,1.0043992930682677,1.001817366854335,0.0014860901122804183,0.1435292514332122,-0.0047949516031669396
0.05,R13,20,0.128125,-0.07580743434637165,1.0043452061892084,1.0018638700492055,0.001472442785632135,0.14561534500286372,-0.0047632579468896066
0.05,R13,21,0.13437500000000002,-0.07783755976171476,1.0042834879483329,1.0019153958697,0.0014626320207457345,0.14715114160351253,-0.004730508819152495
0.05,R13,22,0.140625,-0.0798008977543205,1.00421462287655,1.0019716254189528,0.0014564142263982403,0.14817158072525402,-0.004696771234016543
0.05,R13,23,0.146875,-0.08176423574692628,1.0041457578047674,1.002027854968206,0.0014501964320507458,0.14919201984699554,-0.00466303364888059
0.05,R13,24,0.15312499999999998,-0.08373677421706913,1.0040864539409315,1.0020752642075856,0.0014447744815534267,0.15016664026802867,-0.004627481115177423
0.05,R13,25,0.15937500000000002,-0.08571040999187238,1.0040282904046487,1.0021216214834023,0.0014394474482125504,0.15113579607338104,-0.004591712119718533
0.05,R13,26,0.16562500000000002,-0.08765425169898577,1.003965064935205,1.002171395070552,0.0014357464596360886,0.15185041873790575,-0.004556248635952109
0.05,R13,27,0.171875,-0.0895177397083901,1.0038881875854175,1.0022303823458407,0.0014364308645151685,0.15187857323474388,-0.004521609107962334
0.05,R13,28,0.178125,-0.09138122771779444,1.0038113102356299,1.0022893696211297,0.0014371152693942488,0.151906727731582,-0.004486969579972558
0.05,R13,29,0.184375,-0.09324956606230145,1.0037432602866359,1.0023401742683038,0.0014386819104889761,0.15190076661027294,-0.0044508905796924745
0.05,R13,30,0.19062500000000002,-0.09512054446262382,1.0036800151254148,1.0023865250799218,0.001440728756106144,0.1518762362284534,-0.004414028069178424
0.05,R13,31,0.196875,-0.0969893180934766,1.0036162080429505,1.0024332586481313,0.0014428992816636677,0.15183179494647425,-0.004377228425354077
0.05,R13,32,0.203125,-0.09877063586870358,1.0035301114178292,1.002495174894464,0.0014499757781886512,0.15099755462483005,-0.004342922493554598
0.05,R13,33,0.209375,-0.10055195364393052,1.0034440147927075,1.002557091140797,0.0014570522747136348,0.1501633143031859,-0.004308616561755119
0.05,R13,34,0.215625,-0.10233330532594216,1.0033645930455481,1.0026127951133224,0.0014648603030026496,0.1493057527969015,-0.004273352119703673
0.05,R13,35,0.22187500000000002,-0.10411470752214316,1.0032951155043317,1.002659244065685,0.001473758164327875,0.14841344748492852,-0.0042366596929911335
0.05,R13,36,0.22812500000000002,-0.10589610971834418,1.0032256379631153,1.002705693018048,0.0014826560256531,0.14752114217295556,-0.004199967266278595
0.05,R13,37,0.23437500000000003,-0.10761892613988597,1.0031349912384737,1.0027666060632487,0.0014949292675047318,0.14610113802806918,-0.00416547807944076
0.05,R13,38,0.24062500000000003,-0.10932509186757726,1.0030383280090698,1.0028316299558875,0.0015081618280322895,0.1445311563201442,-0.004131615076567315
0.05,R13,39,0.24687500000000004,-0.1110292052362693,1.0029447284637936,1.002893793465973,0.0015217471680495213,0.14295050591785363,-0.00409736473868226
0.05,R13,40,0.25312500000000004,-0.11272219265880758,1.0028677373114219,1.0029404506916921,0.0015372449442476173,0.1413120199618967,-0.0040610146373132195
0.05,R13,41,0.259375,-0.11441518008134581,1.0027907461590502,1.0029871079174115,0.0015527427204457133,0.1396735340059398,-0.004024664535944179
0.05,R13,42,0.265625,-0.11607312361723614,1.0026968549152762,1.0030453243781623,0.0015702805426992626,0.13774234311553854,-0.003989591192768688
0.05,R13,43,0.271875,-0.1177003363602198,1.0025881435913488,1.003113677398864,0.0015896073284168246,0.13555447251339384,-0.0039556374683167705
0.05,R13,44,0.278125,-0.11932754910320349,1.002479432267422,1.0031820304195658,0.001608934114134387,0.1333666019112491,-0.003921683743864852
0.05,R13,45,0.284375,-0.12092413419929023,1.0023914710523467,1.0032309729845996,0.001630710880511023,0.13110241414084114,-0.0038854307793360315
0.05,R13,46,0.290625,-0.12251768412316193,1.002305566154365,1.0032779919909636,0.0016527304377637838,0.12883066340781246,-0.0038489499621869785
0.05,R13,47,0.29687500000000006,-0.12409390177703669,1.0022092022865334,1.0033321736102145,0.0016757388331446331,0.12643612790894732,-0.0038129211719245357
0.05,R13,48,0.30312500000000003,-0.12562703635977607,1.0020868404079324,1.0034041594386416,0.0017012051975867297,0.12373638456357443,-0.0037780159913516674
0.05,R13,49,0.309375,-0.1271601709425155,1.0019644785293311,1.003476145267069,0.0017266715620288266,0.12103664121820154,-0.0037431108107788
0.05,R13,50,0.315625,-0.12865157335848212,1.0018594072881357,1.0035319539220247,0.0017541975267119857,0.11826840111086978,-0.003706525081006068
0.05,R13,51,0.321875,-0.13012185208509458,1.0017630880979729,1.0035795741311488,0.0017827660050974115,0.11546548980304026,-0.00366908870287291
0.05,R13,52,0.328125,-0.1315897341307975,1.0016650726699545,1.0036283596078244,0.0018114632988625282,0.11264964797654461,-0.0036316759843675606
0.05,R13,53,0.334375,-0.13300153384321606,1.001527365276114,1.003704412345197,0.0018431748725124305,0.10953123201326034,-0.003594816901152895
0.05,R13,54,0.340625,-0.13441333355563465,1.0013896578822739,1.0037804650825695,0.0018748864461623333,0.10641281604997604,-0.0035579578179382298
0.05,R13,55,0.34687500000000004,-0.13578233834195516,1.0012642432753989,1.0038450408419346,0.0019080567176932304,0.1032422579898539,-0.0035200415724985605
0.05,R13,56,0.353125,-0.13709176587821748,1.00115594215626,1.0038936388476027,0.0019432577254898254,0.09999910995178105,-0.0034806535914123165
0.05,R13,57,0.359375,-0.1384011934144798,1.0010476410371207,1.0039422368532709,0.00197845873328642,0.09675596191370815,-0.0034412656103260724
0.05,R13,58,0.36562500000000003,-0.13966338382094287,1.0009023779638628,1.0040163934426385,0.0020159561496090736,0.09334347173034463,-0.0034015030437060736
0.05,R13,59,0.371875,-0.14091339970941644,1.0007475886137707,1.0040971372958465,0.0020540454237992665,0.08988733666417424,-0.0033616439344227363
0.05,R13,60,0.378125,-0.142136916071561,1.0005984669558639,1.004172615191939,0.0020927970711779025,0.08640597559199756,-0.0033213472174474633
0.05,R13,61,0.384375,-0.14323298233088516,1.000476604198468,1.0042227663419072,0.002134734418177144,0.0828032894433142,-0.0032789458158585917
0.05,R13,62,0.39062500000000006,-0.14432904859020934,1.0003547414410723,1.0042729174918756,0.0021766717651763856,0.07920060329463088,-0.003236544414269721
0.05,R13,63,0.39687500000000003,-0.14539066240785062,1.000204482824405,1.0043429323473463,0.0022200733977746504,0.07553157969486007,-0.003193319548411422
0.05,R13,64,0.403125,-0.14642399437037906,1.0000309141740078,1.0044292532297217,0.002264677055864652,0.07180809997852487,-0.003149418704421504
0.05,R13,65,0.409375,-0.14745732633290753,0.9998573455236104,1.004515574112097,0.0023092807139546527,0.06808462026218969,-0.003105517860431585
0.05,R13,66,0.415625,-0.14828741699750903,0.9997177098030408,1.004570614803555,0.002357744538799584,0.06420705378419565,-0.003059227023098093
0.05,R13,67,0.421875,-0.14910132030209866,0.999580776705201,1.0046231641523733,0.0024065158105542003,0.06031721490925537,-0.0030127458323124592
0.05,R13,68,0.428125,-0.14989460169530763,0.9994265699677899,1.0046880197322805,0.0024560377599711723,0.05641561519387911,-0.0029655147748117996
0.05,R13,69,0.43437500000000007,-0.1506405084272367,0.9992326805448778,1.0047811463836078,0.0025072842391530153,0.05248699733155523,-0.002916561050533379
0.05,R13,70,0.44062500000000004,-0.1513864151591658,0.9990387911219657,1.0048742730349352,0.002558530718334858,0.04855837946923143,-0.0028676073262549587
0.05,R13,71,0.446875,-0.15192774048721067,0.9988724992941673,1.0049422354884148,0.002612793073397682,0.04450613798473957,-0.002816859452155731
0.05,R13,72,0.453125,-0.15237293720379194,0.9987191750110608,1.004998373800737,0.002668472526766027,0.04039580829224102,-0.0027652685438033513
0.05,R13,73,0.45937500000000003,-0.1528138459528592,0.9985622868669477,1.0050571198887737,0.0027242855597105547,0.03628740148929231,-0.002713484119919861
0.05,R13,74,0.465625,-0.15318430952133857,0.9983468495777224,1.0051587080064055,0.002782293114263784,0.032210585014663014,-0.0026585205123109846
0.05,R13,75,0.471875,-0.15355477308981794,0.9981314122884972,1.0052602961240371,0.002840300668817014,0.02813376854003372,-0.0026035569047021074
0.05,R13,76,0.478125,-0.1537516043160531,0.9979354128954461,1.0053443975814746,0.0029003168128478056,0.02397441186525612,-0.0025474240436551667
0.05,R13,77,0.48437500000000006,-0.1537223858891778,0.997764719442697,1.005405733386961,0.002962947912990895,0.01970759719405908,-0.0024897689470001804
0.05,R13,78,0.490625,-0.15369316746230255,0.9975940259899477,1.0054670691924477,0.003025579013133984,0.015440782522862124,-0.002432113850345195
0.05,R13,79,0.496875,-0.15359706380904137,0.9973689628179074,1.0055696857207705,0.00309003871155385,0.01125243140252099,-0.0023710609756658592
0.05,R13,80,0.5031249999999999,-0.15348542116379155,0.9971312682969407,1.0056818927200561,0.003154923235835997,0.007082309187934341,-0.002309218718213191
0.05,R13,81,0.509375,-0.15327610293840105,0.9969028476630943,1.0057858810506484,0.003220696194271257,0.0028766640852399515,-0.0022468665120621654
0.05,R13,82,0.5156250000000001,-0.15264635504197016,0.9967143450651124,1.0058544933725195,0.0032902932823220808,-0.0014818838836568305,-0.002182319309339954
0.05,R13,83,0.521875,-0.15201660714553936,0.9965258424671306,1.005923105694391,0.0033598903703729024,-0.0058404318525534585,-0.0021177721066177454
0.05,R13,84,0.5281250000000001,-0.15133569531933486,0.9962969614490993,1.0060239091552385,0.0034307833578215013,-0.010113357902177957,-0.0020504532551859386
0.05,R13,85,0.534375,-0.15061548366301436,0.9960370651229142,1.006149439143126,0.0035026717462567957,-0.01432051639062223,-0.001981005456194589
0.05,R13,86,0.540625,-0.14989527200669386,0.9957771687967292,1.0062749691310136,0.0035745601346920896,-0.0185276748790665,-0.0019115576572032395
0.05,R13,87,0.546875,-0.14855534303298473,0.9955680951185113,1.0063561186773908,0.003650847805732279,-0.022898853934194042,-0.0018396411483607381
0.05,R13,88,0.553125,-0.14717769213560852,0.9953621149927787,1.0064345668055892,0.0037274032591918973,-0.027280016849902302,-0.0017675743702229491
0.05,R13,89,0.5593750000000001,-0.14576866739433697,0.9951321548302259,1.0065333588853278,0.0038047523931481354,-0.03159783859872281,-0.0016937519122910318
0.05,R13,90,0.565625,-0.14429287267759597,0.9948511602303383,1.0066754470670625,0.0038837906420074314,-0.03578085735134604,-0.001616193007617768
0.05,R13,91,0.571875,-0.14281707796085497,0.9945701656304508,1.0068175352487971,0.0039628288908667274,-0.03996387610396926,-0.0015386341029445046
0.05,R13,92,0.578125,-0.14077095423723038,0.9943302117073816,1.006924208112594,0.004044966869410355,-0.044246914061165835,-0.0014594374678924679
0.05,R13,93,0.5843750000000001,-0.13847656965178584,0.9941081225495159,1.007015464896818,0.004128454142051869,-0.04857348978976497,-0.0013795279384402571
0.05,R13,94,0.590625,-0.13617446362077046,0.9938803126269649,1.0071119620803084,0.004212151548702912,-0.05288255950982945,-0.0012991805097909068
0.05,R13,95,0.596875,-0.13377541055091974,0.9935806753255891,1.0072742553879244,0.004298487304584762,-0.05697183156718302,-0.0012133350134440916
0.05,R13,96,0.603125,-0.13137635748106907,0.9932810380242135,1.0074365486955403,0.00438482306046661,-0.06106110362453649,-0.0011274895170972775
0.05,R13,97,0.609375,-0.1285257840186161,0.9930103112225814,1.0075740339265065,0.00447297051868205,-0.06519265627096704,-0.0010408370350351857
0.05,R13,98,0.6156250000000001,-0.12512517662335665,0.9927748026660915,1.007681298409553,0.004563324959740226,-0.06937571436227333,-0.0009532014976472074
0.05,R13,99,0.621875,-0.12172456922809731,0.9925392941096016,1.0077885628925998,0.0046536794007984005,-0.07355877245357946,-0.0008655659602592324
0.05,R13,100,0.628125,-0.11823354543539626,0.9922386623809127,1.0079612395603537,0.004746811058220585,-0.07751919635789542,-0.000772793728408661
0.05,R13,101,0.634375,-0.11472372219372226,0.9919244901906773,1.0081475167813632,0.004840520156668946,-0.08143332998570837,-0.0006789534709767599
0.05,R13,102,0.640625,-0.11096698507265287,0.9916245678881302,1.0083215108772596,0.00493491411123018,-0.08535185591636027,-0.0005849484129251709
0.05,R13,103,0.646875,-0.10625222209952943,0.9913799351498135,1.0084478464477162,0.005031965307509359,-0.0892874239820273,-0.0004903039284691919
0.05,R13,104,0.6531250000000001,-0.10153745912640591,0.9911353024114966,1.0085741820181728,0.0051290165037885405,-0.0932229920476944,-0.0003956594440132112
0.05,R13,105,0.659375,-0.09675805944711026,0.9908452478365419,1.0087513388539104,0.005228320392024685,-0.096988230281896,-0.0002973638141780837
0.05,R13,106,0.665625,-0.0919322305845078,0.9905225663085093,1.0089650011055538,0.00532924241110316,-0.10063111891884789,-0.00019644553061990577
0.05,R13,107,0.6718750000000001,-0.08710640172190527,0.9901998847804767,1.0091786633571975,0.005430164430181636,-0.10427400755579982,-9.552724706172607e-05
0.05,R13,108,0.678125,-0.08091364566877864,0.9899492127079832,1.0093291033562228,0.005533395498140794,-0.10784361264456435,4.6753170821232635e-06
0.05,R13,109,0.6843750000000001,-0.07466247392374907,0.9897016179626497,1.009476841549581,0.005636725243402551,-0.11141008595776543,0.0001048472949262186
0.05,R13,110,0.6906249999999999,-0.06837440242872113,0.9894286659267053,1.0096566796860955,0.005741443545963859,-0.11487312263532738,0.00020707757025081652
0.05,R13,111,0.696875,-0.062013431427598215,0.9891056177800422,1.0098999347834807,0.005848905095873073,-0.11813180888638314,0.00031337423815885716
0.05,R13,112,0.7031250000000001,-0.0556524604264753,0.9887825696333792,1.0101431898808655,0.005956366645782288,-0.1213904951374389,0.00041967090606689786
0.05,R13,113,0.709375,-0.0481101382174875,0.9885170952160149,1.0103340988067901,0.006064730405715305,-0.12450524084413375,0.0005238500036451062
0.05,R13,114,0.7156250000000001,-0.04009255977545026,0.988274782643771,1.0105039489281045,0.006173457123703881,-0.12756207943528133,0.0006271772051136171
0.05,R13,115,0.721875,-0.03206546572675001,0.9880260927466576,1.0106830696156455,0.006282520168114807,-0.1305906963220597,0.0007310223208652803
0.05,R13,116,0.728125,-0.02394235055626707,0.9877130498440447,1.0109557387442036,0.0063949770518785445,-0.13333453055565886,0.000840093662565137
0.05,R13,117,0.734375,-0.015819235385784128,0.9874000069414317,1.0112284078727618,0.006507433935642281,-0.13607836478925806,0.0009491650042649936
0.05,R13,118,0.7406250000000001,-0.006813541400830045,0.9871273747094185,1.011462364811718,0.006619946617299059,-0.1386561655870432,0.0010554917518114614
0.05,R13,119,0.7468750000000001,0.0031986021093977934,0.9869008248210709,1.0116521762713029,0.006732522928132104,-0.14104463001065434,0.0011586886990075694
0.05,R13,120,0.753125,0.013210745619625637,0.9866742749327235,1.0118419877308882,0.006845099238965149,-0.1434330944342655,0.0012618856462036775
0.05,R13,121,0.759375,0.023306578136287948,0.9863938091090153,1.0121230561794188,0.006959509992710735,-0.14556257635964395,0.001369402900041648
0.05,R13,122,0.765625,0.03341784843083624,0.9861033976273277,1.0124209584414445,0.007074259138838246,-0.14764428481447464,0.0014777171036485055
0.05,R13,123,0.7718750000000001,0.04399578573446022,0.9858334446131267,1.0126978877067472,0.007188910351577923,-0.1496076178296637,0.001583978942395873
0.05,R13,124,0.778125,0.0562156995514976,0.9856354750956373,1.0129010230946918,0.00730321698387891,-0.1511544446683356,0.001683019497378356
0.05,R13,125,0.784375,0.0684356133685354,0.9854375055781477,1.0131041584826366,0.007417523616179903,-0.15270127150700757,0.0017820600523608425
0.05,R13,126,0.790625,0.08071064276263161,0.9852066506860786,1.0133729893653642,0.007531249179471218,-0.15407607312536276,0.0018836240172024768
0.05,R13,127,0.796875,0.09302266754406852,0.9849537220494284,1.0136859172240424,0.0076445847101396,-0.15533540576021765,0.0019868817777029925
0.05,R13,128,0.8031250000000001,0.10533469232550566,0.9847007934127783,1.0139988450827202,0.007757920240807984,-0.1565947383950725,0.002090139538203509
0.05,R13,129,0.8093750000000001,0.11988703864697074,0.9845442139286675,1.0142048328202107,0.00787228832540094,-0.1571377345792031,0.002181040786330797
0.05,R13,130,0.815625,0.1344958636627222,0.9843900634147891,1.0144081245882595,0.007986682440765103,-0.1576626718612146,0.0022716305257427932
0.05,R13,131,0.821875,0.14913508881812992,0.984220323206522,1.0146488071611968,0.008099021108843642,-0.15809795687879707,0.0023632790734103536
0.05,R13,132,0.828125,0.1638301653929061,0.9840219414667039,1.0149581844686977,0.00820758349004859,-0.15836853192219588,0.0024568728734544153
0.05,R13,133,0.834375,0.17852524196768219,0.9838235597268858,1.0152675617761981,0.00831614587125354,-0.15863910696559472,0.0025504666734984765
0.05,R13,134,0.8406250000000001,0.1949931062996229,0.9837023763545161,1.0154834981045284,0.008430573476565156,-0.1582219731106626,0.002633009959296902
0.05,R13,135,0.846875,0.21211829642916355,0.9836098170959193,1.0156647877776606,0.008547175827893848,-0.15754984606870898,0.002711455863408741
0.05,R13,136,0.853125,0.22925227578541102,0.983513859797454,1.0158562094497274,0.008662506050984068,-0.15685554309471045,0.002790056765575174
0.05,R13,137,0.8593750000000001,0.24645994942712293,0.9833894112416304,1.0161325840359372,0.008767169968074806,-0.15597530345972052,0.0028699572668147463
0.05,R13,138,0.865625,0.2636676230688343,0.9832649626858065,1.016408958622147,0.00887183388516554,-0.15509506382473065,0.002949857768054316
0.05,R13,139,0.8718750000000001,0.28207493620117896,0.9831956051647444,1.0166122714965242,0.008989939880927725,-0.15366232745229655,0.0030223335598489037
0.05,R13,140,0.878125,0.3017632203150463,0.9831850736638519,1.016737569322674,0.009122399282728908,-0.15163963693648994,0.0030868812720666406
0.05,R13,141,0.884375,0.32145150442891374,0.9831745421629594,1.0168628671488236,0.009254858684530094,-0.1496169464206833,0.0031514289842843775
0.05,R13,142,0.8906250000000001,0.3412081523430682,0.9831485646993828,1.0170528938533376,0.009371932858000798,-0.14746345374385758,0.0032156590473970867
0.05,R13,143,0.896875,0.36097586868203047,0.9831200864608958,1.0172534004714917,0.009486516089741805,-0.14528878357429556,0.0032798376816070745
0.05,R13,144,0.9031250000000001,0.3813176885488718,0.983120856950801,1.0174110708050659,0.009618880433906418,-0.1428026209121791,0.0033412870500144423
0.05,R13,145,0.909375,0.40350059903959923,0.9832154250869299,1.0174313696053328,0.009808266966188101,-0.1393175340498023,0.0033939839453306407
0.05,R13,146,0.915625,0.4256835095303265,0.9833099932230589,1.0174516684055992,0.009997653498469785,-0.1358324471874255,0.003446680840646839
0.05,R13,147,0.921875,0.4479106914995449,0.9834033996492564,1.0174999251998333,0.010174237801309542,-0.13229086129893813,0.0034979753514536604
0.05,R13,148,0.9281250000000001,0.4701656169286181,0.9834960780705632,1.0175657023369538,0.010342799373699033,-0.12871386935408813,0.0035483910346346065
0.05,R13,149,0.934375,0.4924205423576905,0.9835887564918699,1.017631479474074,0.010511360946088514,-0.12513687740923823,0.0035988067178155505
0.05,R13,150,0.940625,0.5168502287147057,0.9838123277032447,1.0174808701515623,0.010854614771689468,-0.12015171384241634,0.003648036787868017
0.05,R13,151,0.9468750000000001,0.5412978883025303,0.984036980673215,1.0173284725112022,0.011199312334920268,-0.11515491249359469,0.0036972570594648755
0.05,R13,152,0.953125,0.5657642684572333,0.984268649383667,1.0171776333103273,0.011538197389366846,-0.11014496467607517,0.0037449313031192215
0.05,R13,153,0.9593750000000001,0.590262681581931,0.9845123228056101,1.0170294607725716,0.011867136595449336,-0.10511252178989448,0.003789960121183049
0.05,R13,154,0.965625,0.6147610947066277,0.9847559962275529,1.0168812882348157,0.012196075801531812,-0.10008007890371401,0.003834988939246875
0.05,R13,155,0.9718749999999999,0.6405677505550664,0.9850713975528583,1.0165632223763639,0.012808893714251979,-0.09396599107602477,0.0038942376736845184
0.05,R13,156,0.9781250000000001,0.6668200715071982,0.9854112336584303,1.016187280771301,0.013518417560002603,-0.08748343079573341,0.0039583305554583
0.05,R13,157,0.984375,0.6930723924593288,0.9857510697640021,1.0158113391662384,0.014227941405753189,-0.08100087051544243,0.004022423437232079
0.05,R13,158,0.990625,0.7193247134114601,0.9860909058695737,1.0154353975611756,0.01493746525150379,-0.07451831023515125,0.00408651631900586
0.05,R13,159,0.9968750000000002,0.7455770343635921,0.9864307419751457,1.0150594559561128,0.01564698909725442,-0.06803574995485986,0.004150609200779642
0.05,R26,0,0.003125,-0.023552029642108726,1.0060069889914576,1.0007400921150866,0.0001250076566944844,0.053515735196213145,-0.00113181784096077
0.05,R26,1,0.009375,-0.027498217693341535,1.005946196419881,1.000812527536789,0.00021827404976616695,0.06194659785358179,-0.0013789061879646044
0.05,R26,2,0.015625,-0.031117751189473936,1.005888648137978,1.000881746445672,0.0003009091149770909,0.06966893494298759,-0.0015996751003168215
0.05,R26,3,0.021875,-0.03460379319769769,1.0058324256758104,1.0009496508861806,0.0003791995544896497,0.07710172415739253,-0.001809688245031025
0.05,R26,4,0.028125,-0.037801950489265365,1.0057740278093918,1.0010148190798418,0.00044723944402153335,0.08381347216912144,-0.0020004530020255365
0.05,R26,5,0.034375,-0.04088763287363653,1.0057147800250135,1.001078918237558,0.0005112745024836004,0.09024351351959428,-0.0021836975243663933
0.05,R26,6,0.040625,-0.04381196720144179,1.0056546358309337,1.0011416479749684,0.0005687185992139932,0.09618633228625895,-0.0023545773142693376
0.05,R26,7,0.046875,-0.046581901245743046,1.0055936338272529,1.001203067260378,0.0006198555461615251,0.10166290865328978,-0.0025136248067495663
0.05,R26,8,0.053125000000000006,-0.04933494587535144,1.0055326119764731,1.0012643682898132,0.00067030971217612,0.10707726463825722,-0.002670897655981195
0.05,R26,9,0.059375000000000004,-0.051861335612601575,1.0054713237788628,1.0013240823314387,0.0007116010006325947,0.11165662697450912,-0.0028043549034409295
0.05,R26,10,0.065625,-0.05438772534985171,1.0054100355812523,1.001383796373064,0.0007528922890890692,0.11623598931076104,-0.002937812150900664
0.05,R26,11,0.07187500000000001,-0.0568411794986272,1.0053484648096562,1.0014431106300452,0.0007915909427675153,0.12048952177384367,-0.003061395092484511
0.05,R26,12,0.07812500000000001,-0.059174796183737104,1.0052864297523745,1.001501768017331,0.0008260297449453707,0.12420769658226548,-0.003168753968473326
0.05,R26,13,0.084375,-0.06150841286884699,1.0052243946950925,1.0015604254046169,0.0008604685471232258,0.12792587139068728,-0.0032761128444621407
0.05,R26,14,0.09062500000000001,-0.06377549586475939,1.0051616903330762,1.0016188174635463,0.0008926281381854472,0.13128601678780577,-0.0033728222341503416
0.05,R26,15,0.096875,-0.06595196418266812,1.0050980744203286,1.0016768481620306,0.0009216835878144084,0.13415854876362743,-0.0034550276968254153
0.05,R26,16,0.10312500000000001,-0.06812843250057686,1.0050344585075814,1.0017348788605147,0.0009507390374433702,0.1370310807394491,-0.003537233159500488
0.05,R26,17,0.109375,-0.07028004184398524,1.0049703995961266,1.0017928562089784,0.000978840109161703,0.13974299196902518,-0.0036149128506072024
0.05,R26,18,0.115625,-0.07232674461175667,1.004904471199775,1.0018506084167,0.0010029136407067193,0.14177707264430217,-0.003673493475606222
0.05,R26,19,0.121875,-0.07437344737952807,1.0048385428034232,1.0019083606244217,0.0010269871722517355,0.14381115331957917,-0.00373207410060524
0.05,R26,20,0.128125,-0.07642015014729948,1.0047726144070714,1.001966112832143,0.0010510607037967515,0.14584523399485616,-0.0037906547256042586
0.05,R26,21,0.13437500000000002,-0.07839449752093199,1.0047045635699103,1.0020239027717697,0.0010721552329237484,0.14732246106945784,-0.003834729601064862
0.05,R26,22,0.140625,-0.08033360490365335,1.004635479018598,1.002081711088353,0.001091798867899944,0.14852847801439148,-0.0038717395923108804
0.05,R26,23,0.146875,-0.08227271228637476,1.0045663944672856,1.0021395194049365,0.0011114425028761396,0.14973449495932517,-0.0039087495835568985
0.05,R26,24,0.15312499999999998,-0.08421181966909613,1.004497309915973,1.00219732772152,0.001131086137852335,0.1509405119042588,-0.003945759574802917
0.05,R26,25,0.15937500000000002,-0.08607361471868606,1.0044246283624445,1.0022554725194954,0.0011480295274216715,0.15145307064366254,-0.003966709256477214
0.05,R26,26,0.16562500000000002,-0.08792270515592605,1.004351355719281,1.0023136726109212,0.0011645291899716015,0.15185167450257958,-0.003985019773104174
0.05,R26,27,0.171875,-0.089771795593166,1.0042780830761173,1.002371872702347,0.001181028852521531,0.15225027836149665,-0.004003330289731134
0.05,R26,28,0.178125,-0.091620886030406,1.0042048104329537,1.0024300727937727,0.0011975285150714605,0.15264888222041376,-0.004021640806358095
0.05,R26,29,0.184375,-0.09341219987000746,1.0041275095363014,1.0024888142971236,0.00121304412837889,0.15246972507422946,-0.004028580500239837
0.05,R26,30,0.19062500000000002,-0.09518399254725804,1.0040488476008629,1.0025477387290391,0.0012282272578466801,0.15209535798419951,-0.004031678298164646
0.05,R26,31,0.196875,-0.09695578522450858,1.0039701856654242,1.0026066631609545,0.0012434103873144703,0.15172099089416954,-0.004034776096089455
0.05,R26,32,0.203125,-0.09872757790175912,1.0038915237299857,1.0026655875928698,0.0012585935167822608,0.1513466238041396,-0.0040378738940142645
0.05,R26,33,0.209375,-0.10047547394709612,1.003810558901268,1.0027248705144307,0.0012739902682311474,0.15072640593879028,-0.004036987910747405
0.05,R26,34,0.215625,-0.10217691994195975,1.0037251177300508,1.0027848502648244,0.0012898022560966153,0.14962830562691923,-0.004028358290716301
0.05,R26,35,0.22187500000000002,-0.10387836593682341,1.0036396765588336,1.002844830015218,0.0013056142439620833,0.14853020531504815,-0.004019728670685196
0.05,R26,36,0.22812500000000002,-0.10557981193168706,1.0035542353876163,1.0029048097656117,0.0013214262318275508,0.1474321050031771,-0.004011099050654091
0.05,R26,37,0.23437500000000003,-0.10728125792655073,1.0034687942163991,1.0029647895160052,0.0013372382196930187,0.14633400469130606,-0.004002469430622986
0.05,R26,38,0.24062500000000003,-0.10893718705590329,1.0033779562510214,1.003025671197462,0.0013545997477776189,0.14481124563336933,-0.003988187861082486
0.05,R26,39,0.24687500000000004,-0.11056778483197328,1.003284114825324,1.003087054827684,0.0013728236364460513,0.14305215262316406,-0.003970760830444215
0.05,R26,40,0.25312500000000004,-0.11219838260804331,1.003190273399626,1.0031484384579055,0.0013910475251144837,0.14129305961295877,-0.003953333799805946
0.05,R26,41,0.259375,-0.11382898038411333,1.0030964319739284,1.0032098220881271,0.001409271413782916,0.13953396660275347,-0.003935906769167675
0.05,R26,42,0.265625,-0.11545957816018335,1.0030025905482307,1.0032712057183488,0.0014274953024513485,0.1377748735925482,-0.003918479738529405
0.05,R26,43,0.271875,-0.11703585093425034,1.0029018735505253,1.0033337997924132,0.0014483491893857656,0.1356226739707938,-0.0038965844140825354
0.05,R26,44,0.278125,-0.11858519255895704,1.0027977480475305,1.0033969939335319,0.0014705068751882364,0.1332755951501475,-0.003872473971669568
0.05,R26,45,0.284375,-0.12013453418366372,1.0026936225445358,1.0034601880746503,0.001492664560990707,0.1309285163295012,-0.0038483635292566017
0.05,R26,46,0.290625,-0.12168387580837041,1.002589497041541,1.0035233822157692,0.001514822246793178,0.1285814375088549,-0.0038242530868436353
0.05,R26,47,0.29687500000000006,-0.12323321743307712,1.0024853715385462,1.0035865763568879,0.001536979932595649,0.1262343586882086,-0.003800142644430669
0.05,R26,48,0.30312500000000003,-0.12473679234746614,1.0023758069609539,1.0036507932545806,0.0015614056323974106,0.12366473507495516,-0.0037736675607450087
0.05,R26,49,0.309375,-0.12618145267102113,1.0022592407690398,1.0037163267268028,0.0015887509022501263,0.12080863390393755,-0.0037441485206097126
0.05,R26,50,0.315625,-0.12762611299457605,1.0021426745771256,1.0037818601990252,0.0016160961721028422,0.11795253273291992,-0.0037146294804744156
0.05,R26,51,0.321875,-0.12907077331813105,1.0020261083852113,1.0038473936712475,0.0016434414419555583,0.11509643156190225,-0.0036851104403391186
0.05,R26,52,0.328125,-0.130515433641686,1.001909542193297,1.0039129271434697,0.0016707867118082743,0.11224033039088463,-0.0036555914002038216
0.05,R26,53,0.334375,-0.13196009396524094,1.0017929760013828,1.0039784606156918,0.0016981319816609902,0.10938422921986701,-0.003626072360068525
0.05,R26,54,0.340625,-0.13326377883368323,1.001661951064466,1.0040469956314597,0.0017315023934923392,0.10611090855361097,-0.003591798616339555
0.05,R26,55,0.34687500000000004,-0.1345636995920278,1.0015305400723453,1.0041156107898335,0.0017650336794116203,0.10282644793314269,-0.003557397919817318
0.05,R26,56,0.353125,-0.1358636203503723,1.0013991290802244,1.0041842259482074,0.001798564965330901,0.09954198731267445,-0.003522997223295081
0.05,R26,57,0.359375,-0.13716354110871684,1.0012677180881036,1.0042528411065814,0.0018320962512501822,0.09625752669220618,-0.003488596526772844
0.05,R26,58,0.36562500000000003,-0.13846346186706138,1.001136307095983,1.0043214562649552,0.0018656275371694633,0.09297306607173791,-0.0034541958302506067
0.05,R26,59,0.371875,-0.13969956105594628,1.0009994837543144,1.0043913636336055,0.0019013119916934502,0.08958006614451301,-0.003418249928772976
0.05,R26,60,0.378125,-0.1407941655172629,1.0008506610379633,1.0044641358791706,0.0019417700988823747,0.08594643064893695,-0.0033788782520276454
0.05,R26,61,0.384375,-0.14188876997857955,1.0007018383216122,1.0045369081247357,0.001982228206071299,0.08231279515336085,-0.003339506575282314
0.05,R26,62,0.39062500000000006,-0.14298337443989614,1.000553015605261,1.0046096803703009,0.0020226863132602234,0.07867915965778474,-0.0033001348985369824
0.05,R26,63,0.39687500000000003,-0.14407797890121277,1.0004041928889098,1.004682452615866,0.002063144420449148,0.0750455241622087,-0.0032607632217916513
0.05,R26,64,0.403125,-0.1451725833625294,1.000255370172559,1.004755224861431,0.002103602527638072,0.07141188866663263,-0.0032213915450463202
0.05,R26,65,0.409375,-0.14612633061963676,1.000096854784265,1.0048307660093725,0.002147641999460297,0.06764579954560826,-0.0031793363291147763
0.05,R26,66,0.415625,-0.1469307516949091,0.9999280639563783,1.0049092425387314,0.0021954781638936823,0.06373929308299707,-0.0031344362273803975
0.05,R26,67,0.421875,-0.1477351727701814,0.9997592731284917,1.0049877190680898,0.0022433143283270666,0.05983278662038594,-0.0030895361256460187
0.05,R26,68,0.428125,-0.1485395938454537,0.9995904823006052,1.0050661955974487,0.002291150492760452,0.05592628015777481,-0.00304463602391164
0.05,R26,69,0.43437500000000007,-0.14934401492072605,0.9994216914727186,1.0051446721268071,0.0023389866571938375,0.05201977369516359,-0.00299973592217726
0.05,R26,70,0.44062500000000004,-0.15014843599599834,0.9992529006448321,1.005223148656166,0.0023868228216272222,0.04811326723255245,-0.0029548358204428814
0.05,R26,71,0.446875,-0.15073544154894536,0.9990721027815852,1.0053058686027811,0.0024386961206199678,0.04409934802922003,-0.0029064850762773407
0.05,R26,72,0.453125,-0.1511374208303111,0.9988810866185514,1.005392199807992,0.0024940051262605247,0.039994017786218375,-0.0028551977455389113
0.05,R26,73,0.45937500000000003,-0.1515394001116768,0.9986900704555174,1.0054785310132026,0.002549314131901082,0.035888687543216675,-0.002803910414800482
0.05,R26,74,0.465625,-0.1519413793930425,0.9984990542924834,1.0055648622184132,0.002604623137541639,0.031783357300215025,-0.002752623084062053
0.05,R26,75,0.471875,-0.1523433586744082,0.9983080381294496,1.0056511934236236,0.002659932143182196,0.027678027057213363,-0.0027013357533236236
0.05,R26,76,0.478125,-0.15274533795577397,0.9981170219664156,1.0057375246288343,0.002715241148822753,0.023572696814211674,-0.002650048422585194
0.05,R26,77,0.48437500000000006,-0.15286363530725788,0.9979136075587202,1.005829428171924,0.002774258280490956,0.019402370343768963,-0.0025949271210037985
0.05,R26,78,0.490625,-0.15272180860920237,0.9976988244973715,1.005926441307631,0.0028366756032073355,0.015172445146351415,-0.00253629023412621
0.05,R26,79,0.496875,-0.15257998191114686,0.9974840414360227,1.0060234544433375,0.0028990929259237156,0.010942519948933792,-0.00247765334724862
0.05,R26,80,0.5031249999999999,-0.15243815521309131,0.9972692583746738,1.0061204675790445,0.002961510248640095,0.006712594751516241,-0.0024190164603710308
0.05,R26,81,0.509375,-0.15229632851503583,0.997054475313325,1.0062174807147513,0.003023927571356475,0.00248266955409858,-0.002360379573493441
0.05,R26,82,0.5156250000000001,-0.15215450181698031,0.9968396922519762,1.006314493850458,0.003086344894072856,-0.0017472556433190817,-0.002301742686615851
0.05,R26,83,0.521875,-0.15167123747570052,0.9966133980926937,1.006418264802375,0.0031517009228265143,-0.0059994469812220995,-0.0022391962915086117
0.05,R26,84,0.5281250000000001,-0.15081561352470524,0.9963745503441421,1.0065294055855225,0.003220261798657894,-0.010275920970864435,-0.0021723863273794383
0.05,R26,85,0.534375,-0.14995998957370993,0.9961357025955906,1.00664054636867,0.003288822674489272,-0.014552394960506693,-0.0021055763632502663
0.05,R26,86,0.540625,-0.14910436562271465,0.995896854847039,1.0067516871518176,0.003357383550320651,-0.01882886895014895,-0.0020387663991210943
0.05,R26,87,0.546875,-0.14824874167171936,0.9956580070984876,1.0068628279349652,0.003425944426152029,-0.023105342939791208,-0.0019719564349919222
0.05,R26,88,0.553125,-0.14739311772072405,0.9954191593499362,1.0069739687181127,0.0034945053019834076,-0.027381816929433467,-0.00190514647086275
0.05,R26,89,0.5593750000000001,-0.14611958373655418,0.9951699501317184,1.0070933460443048,0.0035650849318184523,-0.03164025516238231,-0.001834398150360614
0.05,R26,90,0.565625,-0.14435498366014177,0.994908565646063,1.007222401738292,0.003638036702930528,-0.035877500440252126,-0.0017590220556477527
0.05,R26,91,0.571875,-0.14259038358372939,0.9946471811604075,1.0073514574322793,0.003710988474042604,-0.04011474571812196,-0.0016836459609348917
0.05,R26,92,0.578125,-0.14082578350731698,0.9943857966747519,1.0074805131262665,0.00378394024515468,-0.04435199099599177,-0.0016082698662220301
0.05,R26,93,0.5843750000000001,-0.1390611834309045,0.9941244121890964,1.0076095688202535,0.0038568920162667573,-0.04858923627386166,-0.0015328937715091671
0.05,R26,94,0.590625,-0.13729658335449216,0.9938630277034408,1.007738624514241,0.003929843787378832,-0.052826481551731405,-0.0014575176767963071
0.05,R26,95,0.596875,-0.13495440079948806,0.9935920469729747,1.007878732531071,0.004003618606816672,-0.056993821586359565,-0.0013779208846748663
0.05,R26,96,0.603125,-0.13206739313655663,0.9933120142450735,1.008029266042456,0.004078169795707418,-0.06109522102703691,-0.0012943427703935781
0.05,R26,97,0.609375,-0.1291803854736252,0.9930319815171723,1.0081797995538408,0.004152720984598164,-0.06519662046771428,-0.0012107646561122902
0.05,R26,98,0.6156250000000001,-0.12629337781069372,0.9927519487892713,1.0083303330652258,0.004227272173488911,-0.0692980199083917,-0.0011271865418310007
0.05,R26,99,0.621875,-0.12340637014776236,0.99247191606137,1.0084808665766107,0.004301823362379656,-0.07339941934906899,-0.001043608427549714
0.05,R26,100,0.628125,-0.12051936248483087,0.9921918833334689,1.008631400087996,0.004376374551270404,-0.07750081878974642,-0.0009600303132684246
0.05,R26,101,0.634375,-0.11670641174091487,0.9919035535629299,1.0087984378513137,0.004449161678638651,-0.08143369420176896,-0.0008717931502419901
0.05,R26,102,0.640625,-0.11247581193208785,0.9916114813894611,1.0089729199009256,0.004521153121411972,-0.08529055640690213,-0.0007814545110106511
0.05,R26,103,0.646875,-0.10824521212326085,0.9913194092159923,1.0091474019505378,0.004593144564185293,-0.08914741861203526,-0.000691115871779312
0.05,R26,104,0.6531250000000001,-0.10401461231443379,0.9910273370425233,1.00932188400015,0.0046651360069586145,-0.09300428081716847,-0.0006007772325479715
0.05,R26,105,0.659375,-0.09978401250560676,0.9907352648690545,1.0094963660497622,0.004737127449731935,-0.09686114302230163,-0.0005104385933166324
0.05,R26,106,0.665625,-0.09551286721022012,0.9904431238714806,1.0096714785500036,0.004808898340207488,-0.10070854301163251,-0.0004199960402240478
0.05,R26,107,0.6718750000000001,-0.08972319076880204,0.9901484052368879,1.0098702030228144,0.0048724089886214034,-0.104201559057758,-0.0003256616498840824
0.05,R26,108,0.678125,-0.08393351432738413,0.9898536866022951,1.0100689274956247,0.004935919637035316,-0.10769457510388335,-0.00023132725954412033
0.05,R26,109,0.6843750000000001,-0.07814383788596604,0.9895589679677025,1.0102676519684355,0.004999430285449233,-0.11118759115000884,-0.00013699286920415503
0.05,R26,110,0.6906249999999999,-0.07235416144454815,0.9892642493331097,1.0104663764412463,0.005062940933863146,-0.11468060719613418,-4.265847886419296e-05
0.05,R26,111,0.696875,-0.06656448500313003,0.9889695306985171,1.010665100914057,0.005126451582277061,-0.11817362324225968,5.1675911475772404e-05
0.05,R26,112,0.7031250000000001,-0.05978774089075921,0.988680004955546,1.0108757876927992,0.00518064742830395,-0.12139125242900187,0.00014590612071049415
0.05,R26,113,0.709375,-0.05224421151312807,0.9883945132143935,1.0110957671676726,0.005227607242365276,-0.12439495242706156,0.00024005539878033891
0.05,R26,114,0.7156250000000001,-0.04470068213549665,0.9881090214732409,1.011315746642546,0.005274567056426603,-0.12739865242512136,0.00033420467685018696
0.05,R26,115,0.721875,-0.03715715275786537,0.9878235297320883,1.0115357261174194,0.005321526870487929,-0.1304023524231811,0.00042835395492003337
0.05,R26,116,0.728125,-0.029613623380234082,0.9875380379909356,1.0117557055922926,0.005368486684549255,-0.13340605242124084,0.0005225032329898797
0.05,R26,117,0.734375,-0.02143590546629151,0.9872601421757706,1.0119803693470173,0.005406496606822442,-0.13620628592601194,0.0006147767705503087
0.05,R26,118,0.7406250000000001,-0.0119789145051988,0.9869975687179608,1.0122144821419177,0.005426452977692647,-0.13859609069238896,0.0007032666000495652
0.05,R26,119,0.7468750000000001,-0.0025219235441062545,0.9867349952601514,1.0124485949368185,0.0054464093485628515,-0.14098589545876591,0.0007917564295488202
0.05,R26,120,0.753125,0.0069350674169862915,0.9864724218023417,1.012682707731719,0.005466365719433057,-0.14337570022514287,0.0008802462590480752
0.05,R26,121,0.759375,0.01639205837807884,0.9862098483445322,1.0129168205266197,0.005486322090303261,-0.14576550499151986,0.0009687360885473303
0.05,R26,122,0.765625,0.026573615697234203,0.98596068363499,1.0131518395304875,0.0054920749631238545,-0.14789462551437674,0.001052912171456281
0.05,R26,123,0.7718750000000001,0.03805711646591425,0.985735612553007,1.0133884868639278,0.005472306155231218,-0.14955533325561818,0.0011293370607669403
0.05,R26,124,0.778125,0.04954061723459388,0.985510541471024,1.0136251341973685,0.005452537347338584,-0.15121604099685956,0.0012057619500775974
0.05,R26,125,0.784375,0.061024118003273925,0.9852854703890411,1.0138617815308093,0.005432768539445947,-0.152876748738101,0.0012821868393882566
0.05,R26,126,0.790625,0.07250761877195376,0.9850603993070581,1.0140984288642498,0.005412999731553313,-0.15453745647934242,0.0013586117286989148
0.05,R26,127,0.796875,0.0853692840132473,0.9848696506656497,1.0143263510858989,0.005357520522143984,-0.15565227631623088,0.0014226183567879356
0.05,R26,128,0.8031250000000001,0.09893995793769288,0.9846965595019065,1.0145497845980036,0.005283669786507342,-0.15648625937934896,0.001480236302531163
0.05,R26,129,0.8093750000000001,0.1125106318621382,0.9845234683381634,1.0147732181101086,0.005209819050870703,-0.157320242442467,0.00153785424827439
0.05,R26,130,0.815625,0.12608130578658353,0.9843503771744202,1.014996651622213,0.005135968315234062,-0.1581542255055851,0.0015954721940176168
0.05,R26,131,0.821875,0.14018158429393154,0.9841938493335083,1.0152119852855936,0.005044720224774766,-0.15876073620763148,0.0016467551655374752
0.05,R26,132,0.828125,0.15584932842365573,0.9840863438008787,1.0154033459041187,0.004901981349520265,-0.15869399913665744,0.0016792885743942888
0.05,R26,133,0.834375,0.17151707255337995,0.9839788382682491,1.0155947065226432,0.004759242474265762,-0.1586272620656833,0.0017118219832511026
0.05,R26,134,0.8406250000000001,0.18718481668310444,0.9838713327356193,1.015786067141168,0.004616503599011259,-0.15856052499470927,0.0017443553921079164
0.05,R26,135,0.846875,0.20314408631535058,0.9837748275675121,1.0159700372898897,0.00446208837230682,-0.15835992090755235,0.0017726538106096778
0.05,R26,136,0.853125,0.22087739801566553,0.9837452637450447,1.0161090336568321,0.00423661816586801,-0.15734468579778935,0.0017751807237620413
0.05,R26,137,0.8593750000000001,0.23861070971598086,0.9837156999225772,1.016248030023775,0.004011147959429196,-0.15632945068802637,0.0017777076369144052
0.05,R26,138,0.865625,0.2563440214162955,0.9836861361001098,1.0163870263907178,0.003785677752990391,-0.15531421557826341,0.001780234550066769
0.05,R26,139,0.8718750000000001,0.2747349745327664,0.9836855101086297,1.0165024202239548,0.0035292156836586484,-0.15398085237903808,0.0017719771598960052
0.05,R26,140,0.878125,0.29447620903801713,0.9837442998012198,1.0165693529031223,0.0032091205543645675,-0.15199430276561107,0.00174157724081746
0.05,R26,141,0.884375,0.3142174435432678,0.9838030894938101,1.0166362855822901,0.002889025425070487,-0.15000775315218406,0.0017111773217389147
0.05,R26,142,0.8906250000000001,0.33395867804851886,0.9838618791864004,1.0167032182614577,0.0025689302957764004,-0.14802120353875706,0.001680777402660369
0.05,R26,143,0.896875,0.3552706318789341,0.9839977322594515,1.0166977816402887,0.0021649525689664056,-0.14524703102070796,0.0016230666539435027
0.05,R26,144,0.9031250000000001,0.3769547880371295,0.9841518465005767,1.0166751961742477,0.001741097772106116,-0.14228622103419689,0.0015588842497232481
0.05,R26,145,0.909375,0.39863894419532464,0.9843059607417021,1.0166526107082063,0.001317242975245834,-0.13932541104768587,0.001494701845502995
0.05,R26,146,0.915625,0.4214147540917042,0.9845179468634546,1.0165697306769688,0.0008322170673316128,-0.13580683324035833,0.0014117008922538597
0.05,R26,147,0.921875,0.4449921090813045,0.9847724253253418,1.016442579453144,0.0003022763643710204,-0.13187871526081874,0.0013148824480659538
0.05,R26,148,0.9281250000000001,0.46856946407090533,0.985026903787229,1.0163154282293194,-0.00022766433858958143,-0.1279505972812791,0.001218064003878046
0.05,R26,149,0.934375,0.49331908954401893,0.9853498828372175,1.0161139209982473,-0.0008127378723864549,-0.12342189622151922,0.0011036146558772572
0.05,R26,150,0.940625,0.5187821833679416,0.9857145527787785,1.0158671591449615,-0.0014313664009096894,-0.11852766772948635,0.0009784347708173629
0.05,R26,151,0.9468750000000001,0.544245277191864,0.9860792227203399,1.0156203972916757,-0.002049994929432924,-0.11363343923745348,0.000853254885757469
0.05,R26,152,0.953125,0.5715135255582987,0.986549074491643,1.0152437675272763,-0.0026974591346351317,-0.10782223039236451,0.0007103190986142362
0.05,R26,153,0.9593750000000001,0.5989162868105404,0.9870267639915837,1.0148574605263376,-0.0033470720589596978,-0.10194269184440928,0.0005660602127705412
0.05,R26,154,0.965625,0.6273132536575083,0.9875338983592882,1.0143889086027738,-0.003959037517565192,-0.09556440212680407,0.00041830080169744636
0.05,R26,155,0.9718749999999999,0.6567491638075308,0.9880718025680943,1.0138344108627462,-0.004531661432939385,-0.08866491821119107,0.0002668833471939447
0.05,R26,156,0.9781250000000001,0.6867686075966275,0.9886099468248695,1.0132235944180024,-0.005045919542490923,-0.08147521404415248,0.00011446685739578292
0.05,R26,157,0.984375,0.7182816326700383,0.989148705495501,1.0124686276489434,-0.005410787677954195,-0.07354267774742455,-4.050670935313096e-05
0.05,R26,158,0.990625,0.7503665556537173,0.9897502373884838,1.011650087895728,-0.005689647827252607,-0.06532414082624441,-0.00020041352447406453
0.05,R26,159,0.9968750000000002,0.7838509166118185,0.9905053757723419,1.010675984629203,-0.005758045864727128,-0.056405758482689396,-0.000372392031036962
0.2,DSMC,0,0.003125,-0.04014385,1.0011954735416,1.001615,0.0018678288915427981,0.08277105,-0.0015343897253151293
0.2,DSMC,1,0.009375,-0.0472143,1.0014502623387025,1.0018916666666666,0.002212066211885933,0.091662,-0.0035942970774475898
0.2,DSMC,2,0.015625,-0.0500708,1.0020090604959844,1.0017216666666666,0.0025913108121774966,0.09740785,-0.00336054781278954
0.2,DSMC,3,0.021875,-0.05331325,1.0025452751007955,1.0014116666666668,0.0025024973933024186,0.105693,-0.004831491389053177
0.2,DSMC,4,0.028125,-0.0576616,1.001866610395786,1.0014316666666665,0.0037860846033149704,0.11238250000000001,-0.00559169822347747
0.2,DSMC,5,0.034375,-0.0583614,1.0016598840308641,1.0018533333333333,0.004316990117393024,0.11266449999999999,-0.004386422807845318
0.2,DSMC,6,0.040625,-0.06011675,1.0021451408762547,1.00139,0.002772960381953051,0.11707949999999998,-0.006868817730817753
0.2,DSMC,7,0.046875,-0.05981034999999999,1.001575340475462,1.001491666666667,0.002655014326560238,0.122003,-0.0068327474201532925
0.2,DSMC,8,0.053125000000000006,-0.0637818,1.0011474111094194,1.0018683333333334,0.0045526416475429165,0.12139999999999998,-0.006419726417584494
0.2,DSMC,9,0.059375000000000004,-0.06674985,1.0019025124535594,1.00132,0.004456482126930219,0.12305499999999998,-0.007097979178701356
0.2,DSMC,10,0.065625,-0.06741185,1.0021098178839294,1.0014966666666667,0.005260351549290828,0.1253795,-0.007747418212515292
0.2,DSMC,11,0.07187500000000001,-0.06873545,1.0025093730430217,1.0014433333333332,0.005464268815117966,0.126833,-0.006783881576606933
0.2,DSMC,12,0.07812500000000001,-0.07114654999999999,1.0017270556228275,1.0012583333333334,0.005233563175246866,0.132678,-0.00864479517359703
0.2,DSMC,13,0.084375,-0.07164390000000001,1.0005573434179478,1.001305,0.00418236007465704,0.1327605,-0.009092235991771187
0.2,DSMC,14,0.09062500000000001,-0.07223600000000001,1.0009018873594842,1.0016966666666667,0.004750091210697784,0.134562,-0.008672847994703217
0.2,DSMC,15,0.096875,-0.07474705,1.0003326660241392,1.0010050000000001,0.005048634994947133,0.134285,-0.008500866409545033
0.2,DSMC,16,0.10312500000000001,-0.07862095,1.001048969983266,1.0020850000000001,0.0071546834750538125,0.133294,-0.009125878116484293
0.2,DSMC,17,0.109375,-0.07737055,1.000626252206255,1.0027066666666666,0.007189942525434987,0.13617449999999998,-0.01007939428916944
0.2,DSMC,18,0.115625,-0.07776604999999999,1.0000095475041773,1.0017566666666666,0.006961368541894452,0.1379325,-0.010935050092096242
0.2,DSMC,19,0.121875,-0.081177,1.0003708843437045,1.0024466666666667,0.006715489537276647,0.135124,-0.009281567357194688
0.2,DSMC,20,0.128125,-0.08187900000000001,1.0007351165104716,1.0019166666666668,0.007859288208131214,0.13668249999999998,-0.010181322150141229
0.2,DSMC,21,0.13437500000000002,-0.083582,0.9999331108650467,1.0024600000000001,0.00637148720267074,0.136216,-0.009947041370125163
0.2,DSMC,22,0.140625,-0.08546965,1.0004919090223283,1.0021749999999998,0.00761467924547414,0.13794849999999997,-0.009829039365747298
0.2,DSMC,23,0.146875,-0.0847811,1.000335561351379,1.0021866666666668,0.007397306248741464,0.136536,-0.009321481363132373
0.2,DSMC,24,0.15312499999999998,-0.08481215,1.000058189001806,1.0036333333333332,0.00706685475831569,0.1365105,-0.009494318967761886
0.2,DSMC,25,0.15937500000000002,-0.0854537,1.0006887912746347,1.0026883333333334,0.006375493150000623,0.136305,-0.009477746878388824
0.2,DSMC,26,0.16562500000000002,-0.0855773,1.0008706178252944,1.0021633333333333,0.005649353652575849,0.1318015,-0.009336430931938863
0.2,DSMC,27,0.171875,-0.08445915,1.001179838774505,1.001925,0.005129906490636901,0.133104,-0.010223166396063285
0.2,DSMC,28,0.178125,-0.08786599999999999,1.0001728439605022,1.002065,0.007683065689905922,0.1339045,-0.011313981378071502
0.2,DSMC,29,0.184375,-0.09019745,0.9999331108650467,1.0027266666666668,0.008871589979412838,0.13091049999999999,-0.008802023011396414
0.2,DSMC,30,0.19062500000000002,-0.09322235,1.0001780555495339,1.0024783333333334,0.008348970510021314,0.128999,-0.010373948910784423
0.2,DSMC,31,0.196875,-0.09296209999999999,1.0000605052635978,1.002645,0.0087228719822402,0.13052,-0.010886889205761564
0.2,DSMC,32,0.203125,-0.09138650000000001,1.0009707961477914,1.00278,0.007268282294307913,0.130288,-0.010648921387630426
0.2,DSMC,33,0.209375,-0.09089385,0.9996881661805594,1.0034416666666666,0.005450606072967723,0.128579,-0.008978105657159074
0.2,DSMC,34,0.215625,-0.09458529999999998,0.9995393463604336,1.0031383333333335,0.007036776583950538,0.12738049999999998,-0.010072400666037663
0.2,DSMC,35,0.22187500000000002,-0.09440125,1.0003836237835597,1.00318,0.00779340268333136,0.122772,-0.010058793872872476
0.2,DSMC,36,0.22812500000000002,-0.09495835000000001,1.000436318739324,1.0031316666666665,0.008017925960353969,0.12250849999999999,-0.01061356722397466
0.2,DSMC,37,0.23437500000000003,-0.09632765000000001,1.0009117314720994,1.0019633333333333,0.008192906411111058,0.1211665,-0.010044101669397235
0.2,DSMC,38,0.24062500000000003,-0.09671465,1.0005330226691336,1.0029116666666664,0.008820782706085096,0.11706649999999999,-0.01051756995541862
0.2,DSMC,39,0.24687500000000004,-0.09805280000000001,1.0001386790990725,1.0030783333333333,0.008440161760761199,0.115143,-0.010400082681703251
0.2,DSMC,40,0.25312500000000004,-0.09908399999999999,0.9996621082354011,1.00296,0.00907881383025668,0.1133675,-0.01075835760239649
0.2,DSMC,41,0.259375,-0.09857934999999998,1.0009065198830678,1.0028466666666667,0.009251416449148966,0.11247950000000001,-0.010062050103802631
0.2,DSMC,42,0.265625,-0.09923995000000001,1.0012053176542155,1.0027416666666666,0.007085317923383584,0.1107185,-0.010216491682146316
0.2,DSMC,43,0.271875,-0.100491,1.0007044260417297,1.0029750000000002,0.009228018583599288,0.1100235,-0.010190436239806562
0.2,DSMC,44,0.278125,-0.1012605,1.0015793939335977,1.0025283333333332,0.010211282831637768,0.1074835,-0.009835126615321196
0.2,DSMC,45,0.284375,-0.10414649999999999,0.9997976095502239,1.0032,0.01017529644445089,0.10167969999999997,-0.009949620618336165
0.2,DSMC,46,0.290625,-0.102128,0.9997454936599075,1.0029983333333334,0.00956631971662817,0.10148299999999999,-0.009626604748024098
0.2,DSMC,47,0.29687500000000006,-0.1029025,0.99941832168181,1.0025166666666667,0.01020404303297175,0.09960554999999999,-0.009779255958846048
0.2,DSMC,48,0.30312500000000003,-0.10301749999999998,0.998995024839351,1.0032783333333333,0.008917037339972386,0.09653149999999999,-0.010414646202512867
0.2,DSMC,49,0.309375,-0.10371449999999999,0.9993233549483445,1.003285,0.009219989904244007,0.09464225,-0.009748629484427365
0.2,DSMC,50,0.315625,-0.10563649999999998,1.0001502604080317,1.0028766666666669,0.009274819909597148,0.0874226,-0.010442419278693785
0.2,DSMC,51,0.321875,-0.104645,1.0003743587363925,1.0026549999999999,0.009247651082454816,0.08923735000000001,-0.008623993340953866
0.2,DSMC,52,0.328125,-0.10725299999999999,1.000334403220483,1.0033183333333335,0.010787126570511375,0.08479455,-0.009441659783028848
0.2,DSMC,53,0.334375,-0.10683749999999999,0.9992254928876392,1.0033666666666667,0.01121159473542227,0.0834615,-0.009535833114672123
0.2,DSMC,54,0.340625,-0.10691599999999998,0.998323887985165,1.0034333333333332,0.011144276916605023,0.08003944999999998,-0.009211306621763591
0.2,DSMC,55,0.34687500000000004,-0.10566299999999999,0.9987825078199495,1.00408,0.011346230373056758,0.07845215,-0.009314353462436465
0.2,DSMC,56,0.353125,-0.106265,0.9984356476166213,1.0039866666666666,0.010623850647427628,0.07615509999999999,-0.008536483533430552
0.2,DSMC,57,0.359375,-0.106669,0.9984947122923133,1.0039500000000001,0.01131364008926267,0.0708512,-0.009294821671754033
0.2,DSMC,58,0.36562500000000003,-0.1082885,0.999372575511421,1.0040966666666669,0.011669783353625344,0.07045189999999998,-0.009013062583020953
0.2,DSMC,59,0.371875,-0.10799399999999999,0.9997588121652106,1.0033833333333333,0.011110825018441102,0.06826915,-0.009688696931637278
0.2,DSMC,60,0.378125,-0.1096155,0.9989678087632968,1.0034333333333332,0.010730411084361905,0.06523355,-0.008959038243052593
0.2,DSMC,61,0.384375,-0.10903199999999999,0.9989174300693242,1.0036666666666667,0.010500919537466482,0.06144489999999999,-0.00903521278620392
0.2,DSMC,62,0.39062500000000006,-0.10849999999999999,0.9998091908591831,1.0032783333333333,0.011573047558466588,0.0581722,-0.008613536475647231
0.2,DSMC,63,0.39687500000000003,-0.10935849999999998,0.9992602368145168,1.0040399999999998,0.011932687634395152,0.05739075,-0.00943557253345495
0.2,DSMC,64,0.403125,-0.1088005,0.9983823735954089,1.0039383333333334,0.012045256992324253,0.05158985,-0.007473575905167383
0.2,DSMC,65,0.409375,-0.11091949999999999,0.9995231325278907,1.0034733333333334,0.012179254811529124,0.0506079,-0.008212124887477185
0.2,DSMC,66,0.415625,-0.110348,0.9981090547039717,1.00464,0.012022989296272671,0.0478462,-0.00826378258537775
0.2,DSMC,67,0.421875,-0.1099565,0.9983418390140517,1.0045983333333333,0.012633504621184382,0.04310705,-0.0072063243882588635
0.2,DSMC,68,0.428125,-0.1099415,0.9978079406710324,1.0048683333333333,0.013116176515247187,0.0421359,-0.009241026722624395
0.2,DSMC,69,0.43437500000000007,-0.110192,0.9980679410571665,1.00451,0.012631266661782213,0.0365336,-0.007401390524650421
0.2,DSMC,70,0.44062500000000004,-0.10808449999999999,0.9980766270388859,1.0045600000000001,0.012879512308467813,0.03576085,-0.007918152135306767
0.2,DSMC,71,0.446875,-0.1082085,0.9973643765378948,1.0041916666666666,0.013112260086293391,0.031231199999999997,-0.007173644586088691
0.2,DSMC,72,0.453125,-0.10901399999999999,0.9967505671630569,1.00549,0.015111205424310768,0.0282154,-0.00778001968610639
0.2,DSMC,73,0.45937500000000003,-0.1095645,0.9968576942709295,1.0055066666666665,0.014543994613831029,0.024442199999999994,-0.005947774349058079
0.2,DSMC,74,0.465625,-0.10767,0.9979139096480092,1.0054633333333332,0.01418362720109676,0.024854499999999998,-0.007349615333881241
0.2,DSMC,75,0.471875,-0.1061635,0.9976000561752146,1.00603,0.012523229171642503,0.0199744,-0.007845535947604888
0.2,DSMC,76,0.478125,-0.1067235,0.9967911017444142,1.0054733333333332,0.014346830390499936,0.016363549999999998,-0.006893032451549222
0.2,DSMC,77,0.48437500000000006,-0.105317,0.9976573836545627,1.0054433333333332,0.014894850699106076,0.015500799999999999,-0.007364699180251861
0.2,DSMC,78,0.490625,-0.10628449999999999,0.9969943537166481,1.00563,0.014023053613991133,0.012911849999999999,-0.007605727407865465
0.2,DSMC,79,0.496875,-0.10680999999999999,0.9969943537166481,1.0056566666666666,0.015166874664439722,0.006284959999999999,-0.006202023321839996
0.2,DSMC,80,0.5031249999999999,-0.10365349999999998,0.9963214796661184,1.0057749999999999,0.014635750949319959,0.00489104,-0.004925390570669685
0.2,DSMC,81,0.509375,-0.103464,0.996385176865394,1.0062183333333334,0.014865421532967556,0.0024851649999999992,-0.00660345169470556
0.2,DSMC,82,0.5156250000000001,-0.104052,0.9962676265794581,1.00579,0.014387673149589521,-0.0008413388999999999,-0.0057676857559655365
0.2,DSMC,83,0.521875,-0.105147,0.9961547088171058,1.005855,0.015215997873317334,-0.00648055,-0.0043313578167549485
0.2,DSMC,84,0.5281250000000001,-0.1021555,0.9972271380267282,1.0062516666666668,0.016117671716451232,-0.008605235,-0.006531635577489956
0.2,DSMC,85,0.534375,-0.10068400000000001,0.9968119481005407,1.00657,0.016648907329541107,-0.011482249999999998,-0.0050781592743602486
0.2,DSMC,86,0.540625,-0.10029439999999999,0.9956179151468466,1.0067733333333333,0.016588482425682543,-0.01258255,-0.0037520452408079793
0.2,DSMC,87,0.546875,-0.09787330000000001,0.9957962673048184,1.0073683333333334,0.015209283995110824,-0.016419649999999997,-0.00581414019825606
0.2,DSMC,88,0.553125,-0.09573659999999999,0.9951691394246774,1.0067516666666667,0.016569851413659485,-0.02240385,-0.005082657572758607
0.2,DSMC,89,0.5593750000000001,-0.0949019,0.9957215678620315,1.0069416666666666,0.01636345560779445,-0.023139149999999994,-0.0052694152848696135
0.2,DSMC,90,0.565625,-0.09401475,0.9952143065296183,1.0068483333333331,0.01662859784796642,-0.0272206,-0.005611929376473077
0.2,DSMC,91,0.571875,-0.08937235000000002,0.9961975596602548,1.007415,0.01533511326249778,-0.0300992,-0.004659101376304097
0.2,DSMC,92,0.578125,-0.08874055,0.9950446403533659,1.007615,0.016721585061126545,-0.0330328,-0.004872748170632163
0.2,DSMC,93,0.5843750000000001,-0.08870890000000001,0.9955165786934534,1.0075566666666669,0.018225885422279514,-0.03420405,-0.004520023389256303
0.2,DSMC,94,0.590625,-0.08365194999999999,0.9955542179475709,1.0069816666666667,0.017536705824381563,-0.03882215,-0.004546979610255429
0.2,DSMC,95,0.596875,-0.08338530000000001,0.9946335038853141,1.0079966666666667,0.0181475568432036,-0.0407115,-0.00371597493014352
0.2,DSMC,96,0.603125,-0.08128024999999998,0.9945211651884098,1.0084033333333333,0.018101510828503968,-0.045877999999999995,-0.003630926877962591
0.2,DSMC,97,0.609375,-0.07923165,0.9943966661170984,1.0073666666666667,0.01908766763906975,-0.047733849999999994,-0.003815368302092352
0.2,DSMC,98,0.6156250000000001,-0.07877995,0.9944956863086997,1.0083833333333332,0.019453909695234715,-0.051264950000000004,-0.0025556041699158895
0.2,DSMC,99,0.621875,-0.0728122,0.995115286338017,1.0081700000000002,0.017997389767318055,-0.05355239999999999,-0.0026727781293149544
0.2,DSMC,100,0.628125,-0.07065365,0.9950874911965151,1.0074433333333332,0.019326513856266242,-0.057869750000000005,-0.002589733050798967
0.2,DSMC,101,0.634375,-0.06801275,0.9952299412967132,1.0078083333333334,0.020436765515682298,-0.0594224,-0.003089665206751001
0.2,DSMC,102,0.640625,-0.0645375,0.9949490945544526,1.0080066666666667,0.020405098390141603,-0.0627383,-0.0021152912524376385
0.2,DSMC,103,0.646875,-0.06032699999999999,0.9952212553149938,1.0080583333333335,0.019075750505253203,-0.0662365,-0.0023278862058466855
0.2,DSMC,104,0.6531250000000001,-0.057772699999999996,0.9932315864358023,1.0091383333333332,0.018414601348867417,-0.06958919999999999,-0.002274594797582535
0.2,DSMC,105,0.659375,-0.05460499999999999,0.993686731877899,1.0088916666666665,0.019032110296910904,-0.07144505,-0.000832922779166523
0.2,DSMC,106,0.665625,-0.048742,0.9936467763619898,1.0082233333333335,0.018411971746569868,-0.0773206,0.0004759082212595999
0.2,DSMC,107,0.6718750000000001,-0.04525245,0.9941175565711815,1.008775,0.018668329996088327,-0.07928775,-0.0007219417010251403
0.2,DSMC,108,0.678125,-0.04217539999999999,0.993994794696214,1.0092933333333334,0.018983770373824056,-0.07909870000000001,-0.0004028041584080474
0.2,DSMC,109,0.6843750000000001,-0.037624750000000005,0.9939374672168659,1.010265,0.020734917657036264,-0.08218874999999999,-0.00032422604685878963
0.2,DSMC,110,0.6906249999999999,-0.030894649999999996,0.9929380002536865,1.0099333333333333,0.020148404446712818,-0.08374394999999998,0.00016641466114528894
0.2,DSMC,111,0.696875,-0.0257792,0.9930873991392601,1.0110033333333335,0.019706799107679814,-0.08806974999999999,0.0001884691915638142
0.2,DSMC,112,0.7031250000000001,-0.024814750000000003,0.9930729225030612,1.01086,0.020895099601246515,-0.09064309999999999,0.00041836855061129746
0.2,DSMC,113,0.709375,-0.019044299999999997,0.993103612971803,1.0106333333333333,0.0206307406468653,-0.0931198,0.0005207328696154939
0.2,DSMC,114,0.7156250000000001,-0.013092349999999997,0.9916333657994318,1.0114433333333332,0.020818449491722225,-0.0987473,0.0002786043772363056
0.2,DSMC,115,0.721875,-0.005888139999999999,0.9923433000386312,1.0118883333333333,0.020457802334062684,-0.09954905,0.0015301152228569864
0.2,DSMC,116,0.728125,-0.0028460399999999998,0.9924654828481508,1.0116749999999999,0.02064176259692098,-0.1025815,0.0008621195891701155
0.2,DSMC,117,0.734375,0.00652229,0.9922054824620168,1.0118233333333333,0.020134864792329697,-0.10608549999999999,0.0014690525005688045
0.2,DSMC,118,0.7406250000000001,0.011149399999999999,0.9919396914214029,1.01273,0.019615937955951752,-0.10708949999999999,0.0019023214408287283
0.2,DSMC,119,0.7468750000000001,0.0181287,0.9917040117840832,1.01267,0.020190366185503485,-0.10682399999999999,0.0028777696156551315
0.2,DSMC,120,0.753125,0.023713349999999998,0.9912013829752535,1.0128016666666668,0.0205539786393709,-0.1096255,0.0022951001006049094
0.2,DSMC,121,0.759375,0.0334577,0.9910294005372093,1.0136216666666666,0.02050552681831394,-0.11257649999999998,0.0025654791657779602
0.2,DSMC,122,0.765625,0.03987475,0.990859155295509,1.0140266666666666,0.020473691845818084,-0.11531949999999999,0.0037478266873348905
0.2,DSMC,123,0.7718750000000001,0.046339849999999995,0.9905939433203432,1.0137566666666666,0.0180820405817051,-0.116198,0.0024484506737400364
0.2,DSMC,124,0.778125,0.054453100000000004,0.9907068610826955,1.013895,0.019538056968756268,-0.1182705,0.0021394779986765805
0.2,DSMC,125,0.784375,0.0643786,0.9910380865189288,1.0140183333333335,0.018491251458391707,-0.11991450000000001,0.0021723256478019164
0.2,DSMC,126,0.790625,0.0720077,0.9907775070673467,1.0153233333333334,0.018684499252769,-0.12285749999999998,0.0025498134499627773
0.2,DSMC,127,0.796875,0.07977424999999999,0.9900594659118759,1.0152999999999999,0.019789044115709524,-0.123458,0.002709296031859847
0.2,DSMC,128,0.8031250000000001,0.0907954,0.990481604623439,1.0160566666666666,0.01935605492037487,-0.12516049999999998,0.0014230120807676822
0.2,DSMC,129,0.8093750000000001,0.0999335,0.9898753230994246,1.0162466666666667,0.019200516741924127,-0.126913,0.0031900488757352925
0.2,DSMC,130,0.815625,0.110345,0.9908099347324324,1.0153733333333332,0.01803336496470792,-0.127418,0.0038680107021298728
0.2,DSMC,131,0.821875,0.1179675,0.9903721612537744,1.0161,0.01612701519695529,-0.12814099999999998,0.003191833648358523
0.2,DSMC,132,0.828125,0.128736,0.9910919396055891,1.01626,0.01866928112883425,-0.1312855,0.0032879819791742093
0.2,DSMC,133,0.834375,0.1418955,0.9902181298446171,1.01715,0.0187321677880352,-0.1322745,0.0029175213695361597
0.2,DSMC,134,0.8406250000000001,0.153466,0.9911156812889554,1.0169450000000002,0.016995679138907198,-0.132103,0.002156458515640538
0.2,DSMC,135,0.846875,0.16506549999999998,0.9906373732289402,1.017375,0.015420603311660636,-0.1335805,0.0043824616197034785
0.2,DSMC,136,0.853125,0.1774015,0.9910884652129013,1.0168300000000001,0.014660983941579414,-0.13497699999999999,0.003944134891194652
0.2,DSMC,137,0.8593750000000001,0.18767399999999995,0.9901625395616128,1.0173,0.014958520644097785,-0.136032,0.004478923264835469
0.2,DSMC,138,0.865625,0.19891550000000002,0.9891115357735649,1.0184483333333332,0.014863575216460765,-0.135628,0.004568105947011904
0.2,DSMC,139,0.8718750000000001,0.20894,0.9904196446205071,1.0179483333333335,0.015418589148198684,-0.1338265,0.005279088864385488
0.2,DSMC,140,0.878125,0.22439049999999996,0.9915470850476858,1.0180716666666667,0.01323098383257846,-0.13672399999999998,0.0049680181023824994
0.2,DSMC,141,0.884375,0.2373465,0.9905140322885246,1.0184566666666668,0.01282149321096658,-0.1376045,0.0035036988859492822
0.2,DSMC,142,0.8906250000000001,0.2522105,0.9901179515221199,1.0183233333333332,0.012914872067022083,-0.1362235,0.003939905147924553
0.2,DSMC,143,0.896875,0.2682575,0.9895105118672096,1.0193050000000001,0.011263369926191449,-0.134797,0.003199554608296006
0.2,DSMC,144,0.9031250000000001,0.28100949999999997,0.9900751006789708,1.0190466666666667,0.010884002238132767,-0.1330475,0.002761188715497642
0.2,DSMC,145,0.909375,0.2971245,0.9895151443907932,1.019475,0.00960830383501286,-0.1357705,0.004020231105766905
0.2,DSMC,146,0.915625,0.311421,0.9898654789868091,1.0198299999999998,0.009208587501089955,-0.1340535,0.005025768644755471
0.2,DSMC,147,0.921875,0.32798999999999995,0.9892383511066682,1.0205716666666667,0.008560496837815828,-0.12849599999999997,0.0037014393838264324
0.2,DSMC,148,0.9281250000000001,0.34697100000000003,0.9909066386622418,1.0196399999999999,0.007244039599083917,-0.12861699999999998,0.0044161485036046276
0.2,DSMC,149,0.934375,0.36391349999999995,0.9905157694848685,1.0209233333333334,0.0038446240263772065,-0.1275135,0.0019046712982010057
0.2,DSMC,150,0.940625,0.38113749999999996,0.9899187530080216,1.0202333333333333,0.0019415360844532354,-0.127327,0.003352496753840237
0.2,DSMC,151,0.9468750000000001,0.40057850000000006,0.9911237882052268,1.0200683333333334,0.0009810022305727366,-0.12472899999999999,0.0021127847379072092
0.2,DSMC,152,0.953125,0.4199395,0.9909801799741328,1.0194983333333334,-0.00041719983226249974,-0.1219975,0.001716118742649461
0.2,DSMC,153,0.9593750000000001,0.44240499999999994,0.9911718506374075,1.02007,-0.0015293481622718928,-0.1176865,0.0017443371727514103
0.2,DSMC,154,0.965625,0.46223949999999997,0.9911776412918871,1.0193983333333334,-0.0037113479490795357,-0.11300549999999998,0.0006557433654498459
0.2,DSMC,155,0.9718749999999999,0.48281899999999994,0.9919547471230499,1.0195750000000001,-0.0043887335009280565,-0.110439,-0.0002716782006060103
0.2,DSMC,156,0.9781250000000001,0.5086685,0.9923589348057262,1.0195816666666666,-0.007463505087857623,-0.10616600000000001,-0.00016157899036705231
0.2,DSMC,157,0.984375,0.536543,0.9927967082843843,1.0195083333333335,-0.010216872135244684,-0.10164100000000001,-0.0008733709300645205
0.2,DSMC,158,0.990625,0.5649065,0.9938726118866943,1.01883,-0.013863375210646373,-0.0933528,-0.002267030494803204
0.2,DSMC,159,0.9968750000000002,0.6020845,0.9944296728476321,1.0181116666666665,-0.01698286682132978,-0.08386445000000001,-0.0038629305342869494
0.2,R13,0,0.003125,-0.05216096938935601,0.9982148813041614,0.9999460065893768,0.0026834396023372514,0.1303475534013272,0.009535874514818306
0.2,R13,1,0.009375,-0.05417610500695932,0.9981754704954522,0.999979727139461,0.0029594540591346193,0.1318924831926405,0.008970162391299597
0.2,R13,2,0.015625,-0.05619124062456262,0.9981360596867429,1.0000134476895453,0.003235468515931987,0.13343741298395373,0.008404450267780889
0.2,R13,3,0.021875,-0.058206376242165916,0.9980966488780335,1.0000471682396292,0.0035114829727293543,0.134982342775267,0.00783873814426218
0.2,R13,4,0.028125,-0.060221511859769226,0.9980572380693242,1.0000808887897137,0.0037874974295267223,0.13652727256658023,0.00727302602074347
0.2,R13,5,0.034375,-0.06216417588227554,0.9980348691357592,1.0000970624897132,0.004051262673864567,0.1378963387960799,0.006734094754601808
0.2,R13,6,0.040625,-0.0638941007062713,0.998062526351811,1.0000617276943036,0.004279070552595428,0.13874916037638477,0.006273778263341152
0.2,R13,7,0.046875,-0.0656240255302671,0.9980901835678628,1.0000263928988942,0.004506878431326288,0.13960198195668963,0.0058134617720804966
0.2,R13,8,0.053125000000000006,-0.06734397124927632,0.9981061867190729,1.0000032873540596,0.004741617139498422,0.1404001278570823,0.0053576672951719684
0.2,R13,9,0.059375000000000004,-0.06905808502381292,0.9981153790531678,0.9999873287738466,0.004980406332408963,0.14116632043804578,0.004904515553923775
0.2,R13,10,0.065625,-0.0707703816470896,0.9981247189020103,0.9999712022210003,0.005218806816526731,0.1419275233640926,0.0044519627652723735
0.2,R13,11,0.07187500000000001,-0.07226280296792081,0.9981519080352783,0.9999347509795365,0.005410173536719057,0.14208497804522452,0.004071883240832975
0.2,R13,12,0.07812500000000001,-0.07375522428875204,0.9981790971685467,0.9998982997380725,0.005601540256911383,0.14224243272635642,0.0036918037163935773
0.2,R13,13,0.084375,-0.07523340196467299,0.9981941192265567,0.9998746639325706,0.0058014730836578494,0.14234417101745261,0.0033193794570613895
0.2,R13,14,0.09062500000000001,-0.07668885041999246,0.9981897257389419,0.9998714782908378,0.00601507522937369,0.14235700017551303,0.0029591710463045358
0.2,R13,15,0.096875,-0.07814429887531196,0.9981853322513272,0.9998682926491049,0.006228677375089531,0.14236982933357342,0.002598962635547683
0.2,R13,16,0.10312500000000001,-0.07947475968196907,0.9982057637786141,0.9998378848506021,0.006405101430333656,0.1420321073194973,0.0022726125149517265
0.2,R13,17,0.109375,-0.0807662458454949,0.9982339364395805,0.999798988422569,0.006569932317581224,0.14158507364959372,0.001956820355803793
0.2,R13,18,0.115625,-0.08204951259975762,0.9982558791656302,0.9997666440893653,0.0067394086954221215,0.14111072048963927,0.0016455371242890026
0.2,R13,19,0.121875,-0.08328201241445403,0.9982393428819019,0.9997747685771681,0.006937577809280638,0.1404676293029003,0.0013621031516848126
0.2,R13,20,0.128125,-0.08451451222915041,0.9982228065981735,0.9997828930649706,0.007135746923139151,0.1398245381161613,0.0010786691790806225
0.2,R13,21,0.13437500000000002,-0.0856887909204862,0.9982304605428638,0.9997649217331583,0.007307102851837144,0.13901683910893686,0.0008055137595144962
0.2,R13,22,0.140625,-0.08680854506772234,0.9982607688284542,0.999722511459167,0.007453348019829249,0.1380549835714165,0.0005419842864443389
0.2,R13,23,0.146875,-0.08792829921495846,0.9982910771140444,0.9996801011851758,0.007599593187821353,0.1370931280338961,0.0002784548133741803
0.2,R13,24,0.15312499999999998,-0.08897457670315412,0.9982696724612126,0.9996918803664425,0.007785496447040424,0.13592379887918746,5.430039602827431e-05
0.2,R13,25,0.15937500000000002,-0.09001209092008805,0.9982421002102203,0.9997101225102631,0.007976129570350786,0.13472972516463066,-0.00016515791375419094
0.2,R13,26,0.16562500000000002,-0.09103126732895025,0.9982310052311107,0.9997107972767298,0.008151447419476456,0.133483204240735,-0.0003847560151756557
0.2,R13,27,0.171875,-0.09200098722513407,0.9982643489549577,0.9996640933588185,0.008285460438225228,0.1320952347825617,-0.0006047311304113938
0.2,R13,28,0.178125,-0.09297070712131786,0.9982976926788046,0.9996173894409071,0.008419473456973999,0.13070726532438837,-0.0008247062456471325
0.2,R13,29,0.184375,-0.09387105974741179,0.9982850005242059,0.9996186781649896,0.00858939370333272,0.12915577368939676,-0.0010093488753605273
0.2,R13,30,0.19062500000000002,-0.09473365550497577,0.9982472508661493,0.9996460894663596,0.008778858390036087,0.12751527631259266,-0.0011747598990301139
0.2,R13,31,0.196875,-0.09559554246458972,0.9982113416272341,0.9996715604000006,0.008966782444853338,0.12587255245605933,-0.0013405901031894756
0.2,R13,32,0.203125,-0.09642931377218712,0.9982484356809362,0.9996200634137213,0.009093594768187798,0.12414151157026579,-0.001523047800109944
0.2,R13,33,0.209375,-0.09726308507978453,0.998285529734638,0.9995685664274421,0.009220407091522255,0.12241047068447228,-0.0017055054970304124
0.2,R13,34,0.215625,-0.0980430177406492,0.9982887490686484,0.9995521530410059,0.009373955051179793,0.1205758557971479,-0.0018624670309118855
0.2,R13,35,0.22187500000000002,-0.098742741805361,0.9982415019835262,0.9995880070584169,0.0095673336527064,0.11858693678509385,-0.0019814444851638346
0.2,R13,36,0.22812500000000002,-0.09944246587007277,0.9981942548984043,0.9996238610758281,0.009760712254233007,0.11659801777303984,-0.0021004219394157838
0.2,R13,37,0.23437500000000003,-0.10014568077520651,0.9982160537877807,0.999587794361716,0.009899697834006887,0.11460024416837213,-0.0022427407444241083
0.2,R13,38,0.24062500000000003,-0.10084988781393384,0.998257476269909,0.9995312870186446,0.010023224344440522,0.11259995399527738,-0.0023916934070158232
0.2,R13,39,0.24687500000000004,-0.10152864075547308,0.9982836962153471,0.9994903988926573,0.010158857697267012,0.11056072965104784,-0.002529657871836585
0.2,R13,40,0.25312500000000004,-0.10206940569646637,0.9982275024092531,0.9995341833645466,0.010360122879907414,0.10831044111592966,-0.0026080547382148125
0.2,R13,41,0.259375,-0.10261017063745964,0.9981713086031593,0.999577967836436,0.010561388062547816,0.10606015258081151,-0.002686451604593039
0.2,R13,42,0.265625,-0.10316823432625158,0.9981696786310514,0.9995656944139213,0.010721055128252426,0.103832926531373,-0.0027859669903711115
0.2,R13,43,0.271875,-0.10374146768619,0.9982158969441312,0.9995042625301598,0.01084424384525949,0.10162592450783821,-0.002904001693161355
0.2,R13,44,0.278125,-0.1043147010461284,0.9982621152572112,0.9994428306463985,0.01096743256226656,0.09941892248430338,-0.0030220363959515997
0.2,R13,45,0.284375,-0.10470982087935761,0.9982074235949479,0.9994840847146188,0.01117154620802831,0.09700171662096944,-0.0030712681592806722
0.2,R13,46,0.290625,-0.10508728982255251,0.998142731845038,0.9995355148681706,0.011383679441324311,0.0945636797464842,-0.0031136816132937726
0.2,R13,47,0.29687500000000006,-0.10548067280504755,0.9981113371242321,0.9995532788809915,0.011570797217064423,0.09214713857441781,-0.0031694017538725344
0.2,R13,48,0.30312500000000003,-0.10591361354237422,0.9981627093043418,0.9994873584868529,0.011695733712594181,0.08978402957693533,-0.0032581985153430793
0.2,R13,49,0.309375,-0.10634655427970088,0.9982140814844517,0.9994214380927146,0.01182067020812394,0.08742092057945286,-0.0033469952768136243
0.2,R13,50,0.315625,-0.1066258057667476,0.9981829853322413,0.9994384956840583,0.01201208353933271,0.0849228604200527,-0.003383607990311321
0.2,R13,51,0.321875,-0.10682726392957856,0.9981101459500912,0.9994975544779302,0.012237145639218516,0.08235649164783,-0.003393806556069675
0.2,R13,52,0.328125,-0.10703174707583653,0.9980426175244648,0.9995513426648659,0.012458228742266325,0.07979366039162544,-0.003406077037166288
0.2,R13,53,0.334375,-0.1073070148342862,0.9980993654814935,0.9994817986494926,0.012586203319305083,0.07731360701024502,-0.0034668303371781757
0.2,R13,54,0.340625,-0.10758228259273589,0.9981561134385221,0.9994122546341192,0.012714177896343843,0.0748335536288646,-0.0035275836371900637
0.2,R13,55,0.34687500000000004,-0.1077442388147254,0.9981553794007636,0.9993997945692854,0.012888631734111183,0.07228290372922745,-0.0035551084118071357
0.2,R13,56,0.353125,-0.1077484476036037,0.9980746214094781,0.999466804317948,0.013127791993677135,0.06963397240221335,-0.003536373866756916
0.2,R13,57,0.359375,-0.107752656392482,0.9979938634181929,0.9995338140666103,0.013366952253243091,0.06698504107519924,-0.003517639321706697
0.2,R13,58,0.36562500000000003,-0.10782663967208453,0.9980267294534941,0.9994904904652007,0.013520548099281427,0.06440045995162419,-0.0035406295052094606
0.2,R13,59,0.371875,-0.10791860606785303,0.9980888800317305,0.9994187304333598,0.013652091261420887,0.061832463932028306,-0.0035743734847310353
0.2,R13,60,0.378125,-0.10795636453020611,0.9981250782101714,0.9993723576650551,0.013804631787002336,0.05924210730472829,-0.0035946309954739838
0.2,R13,61,0.384375,-0.10773340864613246,0.9980364577038817,0.9994480855451843,0.014058159631995241,0.0565442068022798,-0.0035500250135197236
0.2,R13,62,0.39062500000000006,-0.10751045276205883,0.9979478371975923,0.9995238134253137,0.014311687476988147,0.0538463062998313,-0.0035054190315654643
0.2,R13,63,0.39687500000000003,-0.10734106579095049,0.997944839305389,0.9995184803750065,0.014500061189048712,0.051182758283241384,-0.003489621071594881
0.2,R13,64,0.403125,-0.10721565330063458,0.9980121286337043,0.9994466047698636,0.014634950165120043,0.048547410068475676,-0.003497471487879554
0.2,R13,65,0.409375,-0.10709024081031865,0.9980794179620194,0.9993747291647206,0.014769839141191376,0.045912061853709975,-0.003505321904164227
0.2,R13,66,0.415625,-0.10662820965409127,0.9979948321488366,0.9994488941513229,0.015027297198762633,0.04319511720933143,-0.003443450666159492
0.2,R13,67,0.421875,-0.10613936816164084,0.9978981500854458,0.9995346906894803,0.015294517395568398,0.0404716737342758,-0.003376026376043212
0.2,R13,68,0.428125,-0.10568187066792174,0.9978525459698065,0.9995735362440268,0.015522316108281448,0.03775881088296652,-0.003323996049237252
0.2,R13,69,0.43437500000000007,-0.10529637965777461,0.9979242830854875,0.9995045214308187,0.01565955195213286,0.03507025486999347,-0.0033073302327387864
0.2,R13,70,0.44062500000000004,-0.10491088864762751,0.9979960202011688,0.9994355066176104,0.01579678779598427,0.032381698857020455,-0.0032906644162403204
0.2,R13,71,0.446875,-0.1042418289467233,0.9979473071475908,0.9994800921890027,0.01603061187628576,0.029662587233969747,-0.0032261357315572317
0.2,R13,72,0.453125,-0.10343952612606573,0.9978419970265293,0.9995780562543637,0.016309820790581853,0.02692911815558133,-0.0031391172654379935
0.2,R13,73,0.45937500000000003,-0.1026432670556953,0.9977470261358663,0.9996668365542514,0.016580913260037147,0.024195730321149838,-0.0030548309940060386
0.2,R13,74,0.465625,-0.10194629816861364,0.9978219140303168,0.999604740707078,0.016718664135679212,0.021463677208868454,-0.0030154307781508835
0.2,R13,75,0.471875,-0.10124932928153198,0.9978968019247674,0.9995426448599047,0.01685641501132127,0.018731624096587064,-0.0029760305622957284
0.2,R13,76,0.478125,-0.10034595937012294,0.9978891930724276,0.9995566829249052,0.017059584021797723,0.015998914680953987,-0.002908979507395928
0.2,R13,77,0.48437500000000006,-0.09917387869119337,0.9977741827950215,0.9996698387246226,0.01734792003800198,0.013265350832655528,-0.002805930190343665
0.2,R13,78,0.490625,-0.09800179801226384,0.9976591725176155,0.99978299452434,0.017636256054206226,0.010531786984357118,-0.0027028808732914044
0.2,R13,79,0.496875,-0.0969138227555697,0.9976990948511862,0.9997638928304575,0.017800570801984057,0.0077700319072219574,-0.002634913174333642
0.2,R13,80,0.5031249999999999,-0.09584538714242521,0.9977750116297316,0.9997140646481629,0.017936072527804235,0.005001727352680337,-0.0025750957502867263
0.2,R13,81,0.509375,-0.09467550794632128,0.9978127786813883,0.999698602598829,0.018101314808746476,0.0022412062565554613,-0.0025048740210302832
0.2,R13,82,0.5156250000000001,-0.09306898028443542,0.9976863360390464,0.999831064339195,0.018394570783474975,-0.0004858121272535581,-0.002389868543263274
0.2,R13,83,0.521875,-0.0914624526225496,0.9975598933967047,0.9999635260795611,0.018687826758203456,-0.0032128305110624804,-0.0022748630654962692
0.2,R13,84,0.5281250000000001,-0.0899116122029305,0.9975466748243885,1.0000036837630786,0.018888410248181248,-0.005979924875435236,-0.0021812160768887173
0.2,R13,85,0.534375,-0.08840354604186416,0.9976204254652807,0.9999729412290166,0.019017810525234588,-0.008777802239371397,-0.0021039748843022003
0.2,R13,86,0.540625,-0.0868954798807978,0.9976941761061727,0.9999421986949546,0.019147210802287925,-0.011575679603307555,-0.002026733691715683
0.2,R13,87,0.546875,-0.08481700189057591,0.9975660413623507,1.0000885116535634,0.019430220731728752,-0.01429531129237531,-0.0019071224295587792
0.2,R13,88,0.553125,-0.08270380318031846,0.9974256179429375,1.0002456019030308,0.019722580813923595,-0.017010180201233686,-0.0017849321196888954
0.2,R13,89,0.5593750000000001,-0.08061938071170294,0.997351521643976,1.000351429798798,0.01995924416096957,-0.019758493688485385,-0.0016727677443064855
0.2,R13,90,0.565625,-0.07859619998812034,0.997418583062899,1.0003481608905385,0.020077373430647416,-0.022577984098984285,-0.0015819406141153723
0.2,R13,91,0.571875,-0.07657301926453777,0.9974856444818219,1.0003448919822788,0.02019550270032526,-0.02539747450948319,-0.0014911134839242592
0.2,R13,92,0.578125,-0.07407947366138304,0.9973959649909605,1.000475080617328,0.020428973845674943,-0.028130860151143463,-0.0013773791680612387
0.2,R13,93,0.5843750000000001,-0.0713811809930027,0.9972380571040749,1.000663362535935,0.02071265263102296,-0.030826764893426964,-0.001253673489023385
0.2,R13,94,0.590625,-0.06868868915981943,0.9970958038971379,1.0008402719198977,0.020982785162760552,-0.033532562793522805,-0.0011317516480993219
0.2,R13,95,0.596875,-0.0660690300352201,0.9971501038939947,1.0008743928133297,0.021082836954722857,-0.03636257478615251,-0.0010322268857150183
0.2,R13,96,0.603125,-0.06344937091062083,0.9972044038908515,1.0009085137067617,0.021182888746685162,-0.03919258677878216,-0.0009327021233307161
0.2,R13,97,0.609375,-0.06049326870512179,0.997153097626432,1.0010296720498273,0.021357194995256342,-0.04194893820778103,-0.0008246508655089318
0.2,R13,98,0.6156250000000001,-0.05712731765561752,0.9969731437346396,1.0012568578315368,0.021621956672787438,-0.04461555767744787,-0.0007062127859723943
0.2,R13,99,0.621875,-0.05376136660611337,0.9967931898428473,1.0014840436132464,0.021886718350318524,-0.04728217714711462,-0.0005877747064358609
0.2,R13,100,0.628125,-0.050449002272802655,0.9967901906889118,1.0015916084525467,0.021992817468797384,-0.05007941061616333,-0.00048291456830702034
0.2,R13,101,0.634375,-0.04714777973196792,0.9968239841042337,1.0016743016107519,0.022065927342324786,-0.0529038014514201,-0.0003808775665104752
0.2,R13,102,0.640625,-0.043679296965423095,0.9968082981310081,1.0017963424762297,0.02217170805791062,-0.055686536500430456,-0.00027822264547000823
0.2,R13,103,0.646875,-0.03956184452312315,0.9966006321302185,1.0020710524459244,0.022404251640683173,-0.05830764709880468,-0.000173170197763125
0.2,R13,104,0.6531250000000001,-0.03544439208082311,0.9963929661294287,1.0023457624156187,0.022636795223455734,-0.06092875769717894,-6.811775005623985e-05
0.2,R13,105,0.659375,-0.03135534708912209,0.9963084386983959,1.0025439129047256,0.022754216220087626,-0.06365137315551521,3.2124415874278e-05
0.2,R13,106,0.665625,-0.027286707449259734,0.9963123629160616,1.0026870699641144,0.022788943528083264,-0.06644690055551439,0.00012891130897951932
0.2,R13,107,0.6718750000000001,-0.02321806780939731,0.9963162871337274,1.002830227023503,0.022823670836078905,-0.0692424279555136,0.00022569820208476237
0.2,R13,108,0.678125,-0.01830381734358762,0.9960842607364304,1.0031538740909967,0.023000805460122363,-0.0718034116587026,0.0003083040033750968
0.2,R13,109,0.6843750000000001,-0.013353429662993683,0.9958421509795194,1.0034852344066998,0.02318402586690291,-0.07435437212698527,0.0003903037751006946
0.2,R13,110,0.6906249999999999,-0.00841359424712457,0.9956690985190539,1.0037776057131191,0.023299535888409016,-0.07696688681143195,0.00047227121466601296
0.2,R13,111,0.696875,-0.0034946059883942324,0.995632476327176,1.003992949952417,0.023281276612177815,-0.07970100860586139,0.0005541747785000562
0.2,R13,112,0.7031250000000001,0.0014243822703361077,0.9955958541352978,1.0042082941917152,0.023263017335946618,-0.08243513040029088,0.0006360783423340994
0.2,R13,113,0.709375,0.00701297669459963,0.9953827189357765,1.0045532171785019,0.023337776675825622,-0.08496319138986327,0.0006934813481349318
0.2,R13,114,0.7156250000000001,0.012870952909595156,0.9950985727561688,1.004950269546462,0.023449957298047816,-0.0874083543544933,0.0007410278076005678
0.2,R13,115,0.721875,0.018727775124311632,0.9948320539659505,1.005338392234157,0.023543943393062376,-0.0898700545523661,0.0007892680933423233
0.2,R13,116,0.728125,0.02457295242712239,0.9947434115595735,1.0056364063300853,0.02345433016807272,-0.0924986304675069,0.0008445097169612916
0.2,R13,117,0.734375,0.030418129729933147,0.9946547691531962,1.0059344204260139,0.02336471694308307,-0.09512720638264772,0.0008997513405802598
0.2,R13,118,0.7406250000000001,0.03672288620954647,0.9944514508225102,1.006313178992194,0.02332354237813669,-0.09759768826078169,0.0009291067859771645
0.2,R13,119,0.7468750000000001,0.04355172420656597,0.9941173617009457,1.006784014585854,0.02333760488166073,-0.09988788746513581,0.000928942905331364
0.2,R13,120,0.753125,0.05038056220358546,0.9937832725793814,1.0072548501795136,0.023351667385184762,-0.10217808666948995,0.0009287790246855636
0.2,R13,121,0.759375,0.057215368204886194,0.9936025710908016,1.0076566122583914,0.023198824242921905,-0.10461593233762101,0.00094095350354419
0.2,R13,122,0.765625,0.06405127510018052,0.9934501644083062,1.00804563262095,0.023015192680562437,-0.10708101376120607,0.0009554039904667397
0.2,R13,123,0.7718750000000001,0.07111112433072118,0.9932449153313214,1.008470398426975,0.02284631069768342,-0.10945875007574644,0.0009527131351682585
0.2,R13,124,0.778125,0.0789589188149055,0.992853739310761,1.0090209352377877,0.022729325383346724,-0.11152916100661095,0.0008897101498328169
0.2,R13,125,0.784375,0.08680671329909011,0.9924625632902007,1.0095714720486004,0.022612340069010032,-0.11359957193747552,0.0008267071644973728
0.2,R13,126,0.790625,0.09467144046094315,0.9921690617341757,1.0100833750911287,0.022382863544108882,-0.11576432878209905,0.0007757398300544401
0.2,R13,127,0.796875,0.1025475333927381,0.9919411224899624,1.0105693458782334,0.0220778792203357,-0.11799241370582111,0.0007328512201831921
0.2,R13,128,0.8031250000000001,0.11042362632453322,0.991713183245749,1.0110553166653378,0.02177289489656251,-0.12022049862954322,0.000689962610311943
0.2,R13,129,0.8093750000000001,0.11929684750322672,0.9912656423491937,1.0116842397503114,0.021485647443602335,-0.12200065422849947,0.0005497258156724339
0.2,R13,130,0.815625,0.12819520636881684,0.9908125652765292,1.012316766674727,0.021198847138645848,-0.12376951749153732,0.00040703486511439865
0.2,R13,131,0.821875,0.1371109975503603,0.9904079486293623,1.0129333766267514,0.02085154606754239,-0.12558508246743433,0.0002726793331586159
0.2,R13,132,0.828125,0.14605881554493433,0.9900923639267145,1.013520743769035,0.02039309242607587,-0.12748644826463085,0.00015363770979766946
0.2,R13,133,0.834375,0.15500663353950833,0.9897767792240666,1.0141081109113186,0.019934638784609358,-0.12938781406182737,3.459608643672304e-05
0.2,R13,134,0.8406250000000001,0.16469787308971046,0.9893151365962409,1.0147863322979478,0.01944550845639174,-0.1309007411368759,-0.00017309461270134226
0.2,R13,135,0.846875,0.1746647633290778,0.9887993376590796,1.0154982412133797,0.018945003626345082,-0.13226964037112793,-0.0004136551938691218
0.2,R13,136,0.853125,0.1846386337624396,0.9882940951765575,1.016208238076527,0.018428717550058656,-0.13364930662946314,-0.0006515782194196958
0.2,R13,137,0.8593750000000001,0.1946710304377552,0.9878773645060119,1.0169022031166715,0.017780111793761932,-0.13511925024357288,-0.0008673863555644732
0.2,R13,138,0.865625,0.20470342711307052,0.9874606338354663,1.0175961681568158,0.017131506037465234,-0.13658919385768256,-0.0010831944917092425
0.2,R13,139,0.8718750000000001,0.2152261904186871,0.9869671092626555,1.0183339773774505,0.016428190544395024,-0.13776247718863927,-0.00136740918994021
0.2,R13,140,0.878125,0.22627256554987926,0.9863915844213242,1.0191186032653887,0.015666456179854835,-0.13861898767487318,-0.0017246681832801562
0.2,R13,141,0.884375,0.23731894068107134,0.985816059579993,1.0199032291533272,0.014904721815314648,-0.1394754981611071,-0.002081927176620102
0.2,R13,142,0.8906250000000001,0.24842565592995533,0.9852797023589144,1.0207056374118986,0.014041572409457494,-0.1403891215216014,-0.0024192761130027137
0.2,R13,143,0.896875,0.2595421405312271,0.9847496865620675,1.0215109247209537,0.013162003425482393,-0.14131199172840453,-0.0027534015163541243
0.2,R13,144,0.9031250000000001,0.2708994606030986,0.9841916882912796,1.022330964373214,0.012236746059431812,-0.142068601070887,-0.0031251551907533403
0.2,R13,145,0.909375,0.2830291151151679,0.9835439531213022,1.0231983132640288,0.011164970778449645,-0.14229202902089275,-0.0036175788378230555
0.2,R13,146,0.915625,0.295158769627237,0.9828962179513248,1.0240656621548436,0.010093195497467474,-0.1425154569708985,-0.004110002484892771
0.2,R13,147,0.921875,0.30734431503886633,0.9822728478766642,1.0249374663869704,0.008969779995299729,-0.14275929808333623,-0.0045908759457709775
0.2,R13,148,0.9281250000000001,0.3195648854142202,0.9816647465950687,1.0258120626329863,0.00781400328785567,-0.14301593144423133,-0.005064511289969183
0.2,R13,149,0.934375,0.3317854557895735,0.9810566453134735,1.0266866588790022,0.006658226580411651,-0.14327256480512646,-0.00553814663416737
0.2,R13,150,0.940625,0.34493857982283666,0.9802126468817889,1.0277648689332866,0.005233032685440747,-0.14275008143709697,-0.006181166467100293
0.2,R13,151,0.9468750000000001,0.35809941091112396,0.9793666988868804,1.0288447617463168,0.0038056122021431723,-0.14222115908783672,-0.006825586171840944
0.2,R13,152,0.953125,0.3713553723399519,0.97861634253961,1.0298354426463359,0.0023570104732313552,-0.14169673541498654,-0.007465543835601721
0.2,R13,153,0.9593750000000001,0.38477411235148407,0.9780295541227427,1.0306734720507587,0.0008721652796016945,-0.1411800094773269,-0.008097866451463666
0.2,R13,154,0.965625,0.39819285236301566,0.9774427657058754,1.0315115014551814,-0.0006126799140279132,-0.14066328353966723,-0.008730189067325589
0.2,R13,155,0.9718749999999999,0.41230058533135266,0.9768551755022179,1.0323304259293407,-0.002352663374648739,-0.13953815318649251,-0.00949538895312759
0.2,R13,156,0.9781250000000001,0.4266430301860746,0.976267312162401,1.033142842130553,-0.004179562069079826,-0.13820576418627414,-0.010305854722096022
0.2,R13,157,0.984375,0.4409854750407956,0.975679448822584,1.0339552583317653,-0.006006460763510817,-0.13687337518605586,-0.011116320491064409
0.2,R13,158,0.990625,0.45532791989551696,0.9750915854827671,1.0347676745329777,-0.007833359457941851,-0.13554098618583751,-0.011926786260032816
0.2,R13,159,0.9968750000000002,0.4696703647502389,0.9745037221429502,1.03558009073419,-0.009660258152372949,-0.13420859718561914,-0.012737252029001254
0.2,R26,0,0.003125,-0.042138396356131744,1.0015125314881308,1.0014832963583569,0.00470541846214901,0.09561754214066999,-0.010041653449459623
0.2,R26,1,0.009375,-0.04488588267796831,1.0014768634012197,1.0015348567466673,0.004877335256736568,0.09912106291760918,-0.010201147311117167
0.2,R26,2,0.015625,-0.047633368999804866,1.0014411953143083,1.0015864171349778,0.005049252051324125,0.10262458369454838,-0.010360641172774711
0.2,R26,3,0.021875,-0.050380855321641424,1.001405527227397,1.001637977523288,0.005221168845911683,0.10612810447148759,-0.010520135034432256
0.2,R26,4,0.028125,-0.053128341643477975,1.0013698591404858,1.0016895379115982,0.00539308564049924,0.10963162524842678,-0.0106796288960898
0.2,R26,5,0.034375,-0.05587582796531453,1.0013341910535747,1.0017410982999086,0.005565002435086798,0.113135146025366,-0.010839122757747344
0.2,R26,6,0.040625,-0.0586233142871511,1.0012985229666633,1.001792658688219,0.005736919229674356,0.1166386668023052,-0.010998616619404888
0.2,R26,7,0.046875,-0.06137080060898765,1.001262854879752,1.0018442190765295,0.0059088360242619134,0.12014218757924439,-0.011158110481062432
0.2,R26,8,0.053125000000000006,-0.0640475499470827,1.001227602198571,1.0018953664178025,0.006076134263373106,0.12350666857691334,-0.0113104112556153
0.2,R26,9,0.059375000000000004,-0.06589903447486012,1.001197195917575,1.0019416948769715,0.006189549355260038,0.1252490188164292,-0.011378792680613613
0.2,R26,10,0.065625,-0.06775051900263751,1.0011667896365788,1.0019880233361405,0.0063029644471469725,0.12699136905594505,-0.011447174105611923
0.2,R26,11,0.07187500000000001,-0.06960200353041493,1.001136383355583,1.0020343517953094,0.006416379539033906,0.1287337192954609,-0.011515555530610237
0.2,R26,12,0.07812500000000001,-0.07145348805819234,1.001105977074587,1.0020806802544784,0.00652979463092084,0.13047606953497679,-0.01158393695560855
0.2,R26,13,0.084375,-0.07330497258596975,1.0010755707935912,1.0021270087136476,0.0066432097228077734,0.1322184197744926,-0.011652318380606862
0.2,R26,14,0.09062500000000001,-0.07515645711374716,1.001045164512595,1.0021733371728165,0.006756624814694707,0.1339607700140085,-0.011720699805605176
0.2,R26,15,0.096875,-0.07700794164152458,1.0010147582315991,1.0022196656319855,0.00687003990658164,0.13570312025352435,-0.011789081230603488
0.2,R26,16,0.10312500000000001,-0.07885942616930199,1.0009843519506032,1.0022659940911547,0.0069834549984685735,0.13744547049304023,-0.011857462655601801
0.2,R26,17,0.109375,-0.08031955590700159,1.0009421552172715,1.002311216397365,0.007068969597318345,0.13816649113415083,-0.011890906840929492
0.2,R26,18,0.115625,-0.08157618115386074,1.0008938274487251,1.0023558635040377,0.0071399759397887935,0.1383564203840907,-0.011906183661628463
0.2,R26,19,0.121875,-0.0828328064007199,1.000845499680179,1.00240051061071,0.007210982282259242,0.13854634963403062,-0.011921460482327433
0.2,R26,20,0.128125,-0.08408943164757902,1.0007971719116324,1.002445157717382,0.0072819886247296895,0.1387362788839705,-0.011936737303026402
0.2,R26,21,0.13437500000000002,-0.0853460568944382,1.0007488441430863,1.0024898048240547,0.007352994967200139,0.13892620813391038,-0.011952014123725374
0.2,R26,22,0.140625,-0.08660268214129735,1.00070051637454,1.0025344519307269,0.007424001309670586,0.13911613738385029,-0.011967290944424343
0.2,R26,23,0.146875,-0.0878593073881565,1.0006521886059936,1.0025790990373993,0.0074950076521410345,0.1393060666337902,-0.011982567765123311
0.2,R26,24,0.15312499999999998,-0.08911593263501567,1.0006038608374475,1.0026237461440717,0.007566013994611483,0.13949599588373007,-0.01199784458582228
0.2,R26,25,0.15937500000000002,-0.09029349562538623,1.000553119295928,1.0026688618393211,0.007632641741318498,0.13939940583020455,-0.012004724675977619
0.2,R26,26,0.16562500000000002,-0.0912163024559604,1.0004946000414958,1.0027154874310966,0.007685160679454453,0.13837958690995725,-0.011984548634381252
0.2,R26,27,0.171875,-0.0921391092865345,1.0004360807870634,1.002762113022872,0.007737679617590407,0.13735976798970992,-0.011964372592784885
0.2,R26,28,0.178125,-0.09306191611710862,1.000377561532631,1.0028087386146476,0.007790198555726362,0.13633994906946256,-0.011944196551188517
0.2,R26,29,0.184375,-0.09398472294768274,1.0003190422781987,1.0028553642064233,0.007842717493862316,0.13532013014921526,-0.011924020509592152
0.2,R26,30,0.19062500000000002,-0.09490752977825687,1.0002605230237664,1.002901989798199,0.00789523643199827,0.1343003112289679,-0.011903844467995785
0.2,R26,31,0.196875,-0.095830336608831,1.000202003769334,1.0029486153899745,0.007947755370134226,0.13328049230872058,-0.011883668426399416
0.2,R26,32,0.203125,-0.09675314343940512,1.0001434845149018,1.00299524098175,0.008000274308270178,0.13226067338847328,-0.01186349238480305
0.2,R26,33,0.209375,-0.09767595026997924,1.0000849652604693,1.0030418665735255,0.008052793246406134,0.13124085446822592,-0.011843316343206683
0.2,R26,34,0.215625,-0.09843696945810053,1.0000202245027499,1.0030923669842347,0.008109812098464104,0.12952406818375375,-0.011800147229629087
0.2,R26,35,0.22187500000000002,-0.09916145595276478,0.9999540788894493,1.0031437423540575,0.008167847060117368,0.12764990217187597,-0.011751786132055731
0.2,R26,36,0.22812500000000002,-0.09988594244742899,0.9998879332761488,1.0031951177238803,0.00822588202177063,0.12577573615999815,-0.011703425034482372
0.2,R26,37,0.23437500000000003,-0.10061042894209321,0.9998217876628482,1.0032464930937035,0.008283916983423895,0.12390157014812037,-0.011655063936909014
0.2,R26,38,0.24062500000000003,-0.10133491543675742,0.9997556420495477,1.0032978684635263,0.008341951945077157,0.1220274041362426,-0.011606702839335657
0.2,R26,39,0.24687500000000004,-0.10205940193142163,0.9996894964362472,1.0033492438333491,0.008399986906730422,0.12015323812436482,-0.011558341741762299
0.2,R26,40,0.25312500000000004,-0.10278388842608586,0.9996233508229465,1.0034006192031721,0.008458021868383684,0.11827907211248702,-0.011509980644188941
0.2,R26,41,0.259375,-0.1035083749207501,0.999557205209646,1.0034519945729952,0.008516056830036948,0.11640490610060923,-0.011461619546615585
0.2,R26,42,0.265625,-0.1041670469663485,0.999487244408348,1.0035061229361626,0.00858212735730966,0.11430566059356984,-0.011404622752425216
0.2,R26,43,0.271875,-0.10472480352337936,0.9994114336521202,1.0035644725557917,0.00866051908519885,0.11186129319394919,-0.011334384556755426
0.2,R26,44,0.278125,-0.10528256008041023,0.9993356228958925,1.003622822175421,0.008738910813088044,0.10941692579432857,-0.011264146361085636
0.2,R26,45,0.284375,-0.10584031663744108,0.9992598121396649,1.0036811717950505,0.008817302540977238,0.10697255839470794,-0.011193908165415848
0.2,R26,46,0.290625,-0.10639807319447195,0.9991840013834372,1.0037395214146796,0.008895694268866432,0.10452819099508731,-0.01112366996974606
0.2,R26,47,0.29687500000000006,-0.10695582975150282,0.9991081906272095,1.0037978710343087,0.008974085996755626,0.10208382359546667,-0.01105343177407627
0.2,R26,48,0.30312500000000003,-0.10751358630853367,0.9990323798709817,1.003856220653938,0.00905247772464482,0.09963945619584605,-0.010983193578406481
0.2,R26,49,0.309375,-0.10807134286556454,0.998956569114754,1.0039145702735675,0.009130869452534014,0.09719508879622543,-0.010912955382736693
0.2,R26,50,0.315625,-0.10862909942259538,0.9988807583585263,1.0039729198931964,0.009209261180423207,0.09475072139660481,-0.010842717187066905
0.2,R26,51,0.321875,-0.10899041943805729,0.9987949708206494,1.004040286262351,0.009310950007585441,0.09195185229654478,-0.010757553199499361
0.2,R26,52,0.328125,-0.1093464303578011,0.9987089136400251,1.0041078963274388,0.00941326848607938,0.08914340206944585,-0.010671985812150798
0.2,R26,53,0.334375,-0.10970244127754493,0.9986228564594009,1.0041755063925262,0.009515586964573318,0.08633495184234694,-0.010586418424802235
0.2,R26,54,0.340625,-0.11005845219728876,0.9985367992787766,1.004243116457614,0.009617905443067258,0.083526501615248,-0.010500851037453669
0.2,R26,55,0.34687500000000004,-0.11041446311703257,0.9984507420981523,1.0043107265227014,0.009720223921561195,0.08071805138814903,-0.010415283650105106
0.2,R26,56,0.353125,-0.1107704740367764,0.9983646849175282,1.0043783365877887,0.009822542400055135,0.0779096011610501,-0.010329716262756543
0.2,R26,57,0.359375,-0.11112648495652022,0.9982786277369038,1.0044459466528766,0.009924860878549071,0.07510115093395117,-0.01024414887540798
0.2,R26,58,0.36562500000000003,-0.11148249587626403,0.9981925705562796,1.004513556717964,0.01002717935704301,0.07229270070685222,-0.010158581488059414
0.2,R26,59,0.371875,-0.11168121921987373,0.9981010918487656,1.004587804712782,0.010140274663461847,0.06936340128482238,-0.010066705795567257
0.2,R26,60,0.378125,-0.1117526145256606,0.9980052242861507,1.0046674262697635,0.010262094068677032,0.06633627156213415,-0.009969723379863616
0.2,R26,61,0.384375,-0.11182400983144745,0.9979093567235358,1.0047470478267444,0.010383913473892215,0.06330914183944591,-0.009872740964159975
0.2,R26,62,0.39062500000000006,-0.1118954051372343,0.9978134891609207,1.0048266693837258,0.0105057328791074,0.06028201211675764,-0.009775758548456337
0.2,R26,63,0.39687500000000003,-0.11196680044302117,0.9977176215983059,1.004906290940707,0.010627552284322585,0.05725488239406943,-0.009678776132752698
0.2,R26,64,0.403125,-0.11203819574880801,0.9976217540356909,1.004985912497688,0.010749371689537768,0.054227752671381205,-0.009581793717049057
0.2,R26,65,0.409375,-0.11210959105459486,0.9975258864730758,1.005065534054669,0.010871191094752953,0.05120062294869298,-0.00948481130134542
0.2,R26,66,0.415625,-0.11218098636038173,0.9974300189104608,1.0051451556116504,0.010993010499968136,0.04817349322600473,-0.00938782888564178
0.2,R26,67,0.421875,-0.11219814294973027,0.9973330545112816,1.0052268081101667,0.011116238119701994,0.0451307853281914,-0.009289178214905493
0.2,R26,68,0.428125,-0.11185732401058601,0.9972288509907796,1.0053218648228153,0.011248759955259093,0.0419852614745523,-0.009179517060953742
0.2,R26,69,0.43437500000000007,-0.11151650507144174,0.9971246474702774,1.0054169215354638,0.011381281790816196,0.03883973762091316,-0.009069855907001987
0.2,R26,70,0.44062500000000004,-0.11117568613229749,0.9970204439497751,1.0055119782481123,0.011513803626373293,0.03569421376727407,-0.008960194753050236
0.2,R26,71,0.446875,-0.11083486719315322,0.9969162404292728,1.0056070349607609,0.011646325461930396,0.03254868991363497,-0.008850533599098483
0.2,R26,72,0.453125,-0.11049404825400895,0.9968120369087706,1.0057020916734094,0.011778847297487495,0.029403166059995888,-0.008740872445146732
0.2,R26,73,0.45937500000000003,-0.11015322931486468,0.9967078333882684,1.005797148386058,0.011911369133044596,0.026257642206356766,-0.008631211291194978
0.2,R26,74,0.465625,-0.10981241037572041,0.9966036298677663,1.0058922050987065,0.012043890968601695,0.02311211835271768,-0.008521550137243226
0.2,R26,75,0.471875,-0.10947159143657616,0.996499426347264,1.005987261811355,0.012176412804158793,0.019966594499078588,-0.008411888983291475
0.2,R26,76,0.478125,-0.10871330781165003,0.9963918807726712,1.0060962566623508,0.01230807971656732,0.01678721126950853,-0.008288568364814113
0.2,R26,77,0.48437500000000006,-0.1077849459814054,0.9962829736204858,1.0062109300141548,0.012439398326952358,0.013594033479374022,-0.008159682779307804
0.2,R26,78,0.490625,-0.10685658415116077,0.9961740664683003,1.0063256033659587,0.01257071693733739,0.010400855689239569,-0.008030797193801495
0.2,R26,79,0.496875,-0.10592822232091613,0.9960651593161153,1.006440276717763,0.012702035547722423,0.00720767789910506,-0.007901911608295184
0.2,R26,80,0.5031249999999999,-0.1049998604906715,0.9959562521639298,1.0065549500695667,0.01283335415810746,0.004014500108970607,-0.007773026022788875
0.2,R26,81,0.509375,-0.10407149866042686,0.9958473450117445,1.0066696234213706,0.012964672768492495,0.0008213223188360693,-0.007644140437282563
0.2,R26,82,0.5156250000000001,-0.1031431368301822,0.9957384378595592,1.0067842967731746,0.013095991378877531,-0.0023718554712984685,-0.007515254851776251
0.2,R26,83,0.521875,-0.1022147749999376,0.9956295307073739,1.0068989701249786,0.013227309989262562,-0.005565033261432892,-0.007386369266269944
0.2,R26,84,0.5281250000000001,-0.10105095080618594,0.9955211310492692,1.0070207321692413,0.013353765346563864,-0.008755059920205782,-0.00724909436378819
0.2,R26,85,0.534375,-0.09930917353837174,0.9954139770584534,1.007159893731357,0.01346828362811418,-0.011937351983818211,-0.007091227501457629
0.2,R26,86,0.540625,-0.09756739627055754,0.9953068230676376,1.0072990552934726,0.013582801909664495,-0.015119644047430643,-0.0069333606391270685
0.2,R26,87,0.546875,-0.09582561900274336,0.9951996690768219,1.0074382168555882,0.013697320191214812,-0.018301936111043075,-0.006775493776796507
0.2,R26,88,0.553125,-0.09408384173492917,0.9950925150860062,1.007577378417704,0.013811838472765129,-0.021484228174655506,-0.006617626914465947
0.2,R26,89,0.5593750000000001,-0.09234206446711493,0.9949853610951903,1.0077165399798198,0.013926356754315448,-0.02466652023826799,-0.006459760052135383
0.2,R26,90,0.565625,-0.09060028719930076,0.9948782071043746,1.0078557015419354,0.014040875035865763,-0.02784881230188042,-0.006301893189804822
0.2,R26,91,0.571875,-0.08885850993148654,0.9947710531135587,1.007994863104051,0.01415539331741608,-0.03103110436549285,-0.006144026327474262
0.2,R26,92,0.578125,-0.08711673266367234,0.994663899122743,1.008134024666167,0.014269911598966397,-0.034213396429105286,-0.005986159465143701
0.2,R26,93,0.5843750000000001,-0.08442933567200053,0.9945662713059437,1.0082988702396478,0.014352911067647509,-0.0373301146802781,-0.005795086449659155
0.2,R26,94,0.590625,-0.08159866296459281,0.9944700868488437,1.008467607330002,0.014431134958621163,-0.04043689750532359,-0.005598982198848256
0.2,R26,95,0.596875,-0.07876799025718496,0.9943739023917438,1.0086363444203563,0.014509358849594815,-0.043543680330369185,-0.005402877948037349
0.2,R26,96,0.603125,-0.07593731754977717,0.994277717934644,1.0088050815107108,0.01458758274056847,-0.046650463155414726,-0.0052067736972264455
0.2,R26,97,0.609375,-0.07310664484236938,0.994181533477544,1.0089738186010653,0.014665806631542124,-0.04975724598046028,-0.005010669446415543
0.2,R26,98,0.6156250000000001,-0.07027597213496155,0.9940853490204442,1.0091425556914198,0.014744030522515782,-0.052864028805505864,-0.0048145651956046365
0.2,R26,99,0.621875,-0.06744529942755381,0.9939891645633443,1.009311292781774,0.014822254413489435,-0.055970811630551356,-0.004618460944793736
0.2,R26,100,0.628125,-0.06461462672014598,0.9938929801062444,1.0094800298721283,0.01490047830446309,-0.05907759445559695,-0.00442235669398283
0.2,R26,101,0.634375,-0.061155186276316685,0.9938062816865123,1.0096636712637435,0.014952964662759811,-0.062110386134207676,-0.004207641742159035
0.2,R26,102,0.640625,-0.056919032746319716,0.9937313013129405,1.0098657238510342,0.014973657598337967,-0.06505177698486952,-0.003969937100848731
0.2,R26,103,0.646875,-0.05268287921632273,0.9936563209393687,1.0100677764383248,0.014994350533916125,-0.06799316783553136,-0.003732232459538426
0.2,R26,104,0.6531250000000001,-0.04844672568632569,0.9935813405657969,1.0102698290256154,0.01501504346949428,-0.07093455868619326,-0.003494527818228116
0.2,R26,105,0.659375,-0.04421057215632871,0.9935063601922252,1.0104718816129057,0.015035736405072438,-0.0738759495368551,-0.003256823176917812
0.2,R26,106,0.665625,-0.03997441862633173,0.9934313798186533,1.0106739342001965,0.015056429340650594,-0.07681734038751692,-0.0030191185356075066
0.2,R26,107,0.6718750000000001,-0.035738265096334675,0.9933563994450815,1.010875986787487,0.015077122276228752,-0.07975873123817882,-0.002781413894297197
0.2,R26,108,0.678125,-0.03150211156633777,0.9932814190715097,1.0110780393747776,0.015097815211806908,-0.08270012208884062,-0.0025437092529868965
0.2,R26,109,0.6843750000000001,-0.027220085277093648,0.9932071664171989,1.0112809271391314,0.015116521966182406,-0.08563359166414872,-0.002305135545820139
0.2,R26,110,0.6906249999999999,-0.021240766895709893,0.9931598393755425,1.0115147164548284,0.01506174001605951,-0.08827397405136715,-0.0020344064019648354
0.2,R26,111,0.696875,-0.015261448514325923,0.9931125123338862,1.0117485057705253,0.015006958065936615,-0.09091435643858566,-0.0017636772581095226
0.2,R26,112,0.7031250000000001,-0.009282130132941954,0.99306518529223,1.0119822950862223,0.01495217611581372,-0.09355473882580417,-0.00149294811425421
0.2,R26,113,0.709375,-0.003302811751558204,0.9930178582505738,1.0122160844019197,0.014897394165690827,-0.0961951212130226,-0.0012222189703989068
0.2,R26,114,0.7156250000000001,0.002676506629825769,0.9929705312089173,1.0124498737176164,0.014842612215567931,-0.09883550360024111,-0.0009514898265435938
0.2,R26,115,0.721875,0.008655825011209631,0.992923204167261,1.0126836630333136,0.014787830265445036,-0.10147588598745957,-0.0006807606826882858
0.2,R26,116,0.728125,0.014635143392593489,0.9928758771256048,1.0129174523490105,0.014733048315322142,-0.10411626837467802,-0.000410031538832978
0.2,R26,117,0.734375,0.020614461773977355,0.9928285500839485,1.0131512416647075,0.014678266365199248,-0.10675665076189651,-0.00013930239497766996
0.2,R26,118,0.7406250000000001,0.02784422893213168,0.9928026017684941,1.0133952178559165,0.01457399933210638,-0.10908895385371506,0.00013712502418596038
0.2,R26,119,0.7468750000000001,0.03588950616209258,0.9927905961005625,1.0136458376615893,0.014437459418815708,-0.11122033566592485,0.0004172687098550098
0.2,R26,120,0.753125,0.04393478339205347,0.992778590432631,1.0138964574672626,0.014300919505525032,-0.11335171747813465,0.0006974123955240592
0.2,R26,121,0.759375,0.05198006062201436,0.9927665847646994,1.0141470772729355,0.01416437959223436,-0.11548309929034446,0.0009775560811931085
0.2,R26,122,0.765625,0.06002533785197524,0.9927545790967679,1.0143976970786088,0.014027839678943686,-0.11761448110255426,0.0012576997668621581
0.2,R26,123,0.7718750000000001,0.06807061508193628,0.9927425734288364,1.0146483168842817,0.013891299765653009,-0.1197458629147641,0.0015378434525312125
0.2,R26,124,0.778125,0.07611589231189703,0.9927305677609048,1.014898936689955,0.013754759852362339,-0.1218772447269739,0.0018179871382002569
0.2,R26,125,0.784375,0.08416116954185805,0.9927185620929733,1.0151495564956283,0.013618219939071663,-0.12400862653918372,0.002098130823869311
0.2,R26,126,0.790625,0.092631743466602,0.9927165856151594,1.0153957863720173,0.01347017485752561,-0.12598683343318676,0.0023734972746123828
0.2,R26,127,0.796875,0.10298577418252793,0.9927590241221516,1.0156225751330066,0.013271178316562878,-0.12728669426084555,0.002627707399254696
0.2,R26,128,0.8031250000000001,0.11333980489845406,0.9928014626291437,1.015849363893996,0.013072181775600145,-0.1285865550885044,0.0028819175238970138
0.2,R26,129,0.8093750000000001,0.12369383561438,0.9928439011361359,1.0160761526549855,0.012873185234637416,-0.12988641591616318,0.003136127648539327
0.2,R26,130,0.815625,0.13404786633030594,0.992886339643128,1.0163029414159748,0.012674188693674683,-0.131186276743822,0.00339033777318164
0.2,R26,131,0.821875,0.14440189704623185,0.9929287781501203,1.016529730176964,0.012475192152711954,-0.1324861375714808,0.003644547897823953
0.2,R26,132,0.828125,0.1547559277621578,0.9929712166571125,1.0167565189379535,0.012276195611749224,-0.1337859983991396,0.003898758022466266
0.2,R26,133,0.834375,0.1651099584780837,0.9930136551641047,1.016983307698943,0.012077199070786492,-0.13508585922679842,0.004152968147108579
0.2,R26,134,0.8406250000000001,0.17546398919400985,0.9930560936710969,1.017210096459932,0.011878202529823759,-0.1363857200544572,0.004407178271750897
0.2,R26,135,0.846875,0.18763744492954712,0.9930955006692761,1.0173583975963263,0.011679565806668872,-0.1367069589195513,0.004608771531922169
0.2,R26,136,0.853125,0.2003755498091016,0.9931339668543753,1.0174823405043976,0.011481040751109521,-0.13672448752040123,0.004794035420361052
0.2,R26,137,0.8593750000000001,0.21311365468865634,0.9931724330394747,1.017606283412469,0.011282515695550171,-0.13674201612125111,0.0049792993087999365
0.2,R26,138,0.865625,0.22585175956821057,0.9932108992245738,1.0177302263205403,0.011083990639990826,-0.13675954472210097,0.005164563197238815
0.2,R26,139,0.8718750000000001,0.2385898644477653,0.993249365409673,1.0178541692286118,0.010885465584431474,-0.1367770733229509,0.005349827085677701
0.2,R26,140,0.878125,0.2513279693273198,0.9932878315947723,1.017978112136683,0.010686940528872126,-0.13679460192380077,0.005535090974116582
0.2,R26,141,0.884375,0.2640660742068743,0.9933262977798716,1.0181020550447544,0.010488415473312777,-0.13681213052465066,0.005720354862555465
0.2,R26,142,0.8906250000000001,0.276804179086429,0.9933647639649709,1.0182259979528259,0.010289890417753425,-0.13682965912550057,0.00590561875099435
0.2,R26,143,0.896875,0.2903193659960101,0.9933571251663865,1.018275176632868,0.010131462935835167,-0.13626097070924525,0.006047695319551382
0.2,R26,144,0.9031250000000001,0.3053289414248738,0.9932608229376414,1.0181805779513158,0.010050146172457456,-0.13456494187548004,0.006106719349874105
0.2,R26,145,0.909375,0.3203385168537374,0.9931645207088964,1.0180859792697636,0.009968829409079746,-0.13286891304171483,0.006165743380196827
0.2,R26,146,0.915625,0.33534809228260076,0.9930682184801514,1.0179913805882113,0.009887512645702038,-0.13117288420794962,0.00622476741051955
0.2,R26,147,0.921875,0.3503576677114644,0.9929719162514064,1.017896781906659,0.009806195882324328,-0.12947685537418446,0.006283791440842271
0.2,R26,148,0.9281250000000001,0.36536724314032815,0.9928756140226613,1.0178021832251067,0.009724879118946617,-0.12778082654041922,0.006342815471164994
0.2,R26,149,0.934375,0.3803768185691914,0.9927793117939163,1.0177075845435546,0.009643562355568909,-0.12608479770665404,0.006401839501487716
0.2,R26,150,0.940625,0.39538639399805514,0.9926830095651713,1.0176129858620024,0.009562245592191196,-0.12438876887288881,0.006460863531810438
0.2,R26,151,0.9468750000000001,0.41039596942691897,0.9925867073364262,1.01751838718045,0.009480928828813486,-0.1226927400391236,0.0065198875621331615
0.2,R26,152,0.953125,0.42731456908472204,0.9927897059301909,1.017117607384105,0.009642773514161818,-0.11925415678496024,0.006393143978321328
0.2,R26,153,0.9593750000000001,0.44439679939072063,0.9930183588801706,1.0166905834922066,0.009825460609400953,-0.1156662117233341,0.006250477456155106
0.2,R26,154,0.965625,0.46147902969671856,0.9932470118301504,1.016263559600308,0.010008147704640081,-0.11207826666170811,0.006107810933988888
0.2,R26,155,0.9718749999999999,0.47856126000271676,0.9934756647801302,1.0158365357084094,0.01019083479987921,-0.10849032160008205,0.005965144411822668
0.2,R26,156,0.9781250000000001,0.49564349030871563,0.9937043177301099,1.0154095118165107,0.010373521895118348,-0.10490237653845588,0.0058224778896564435
0.2,R26,157,0.984375,0.5127257206147136,0.9939329706800897,1.014982487924612,0.010556208990357478,-0.10131443147682986,0.0056798113674902265
0.2,R26,158,0.990625,0.5298079509207118,0.9941616236300694,1.0145554640327137,0.010738896085596607,-0.09772648641520382,0.005537144845324006
0.2,R26,159,0.9968750000000002,0.5468901812267106,0.9943902765800492,1.014128440140815,0.010921583180835744,-0.09413854135357765,0.005394478323157781
